Severity,Start_Time,Weather_Condition,Start_Lat,Start_Lng,City,State,Hour,Day
2,2019-06-12 10:10:56,Fair,30.641211,-91.153481,Zachary,LA,10,Wednesday
2,2022-12-03 23:37:14,Fair,38.990562,-77.39907,Sterling,VA,23,Saturday
2,2022-08-20 13:13:00,Fair,34.66118932,-120.49282193,Lompoc,CA,13,Saturday
2,2022-02-21 17:43:04,Wintry Mix,43.680592,-92.993317,Austin,MN,17,Monday
2,2020-12-04 01:46:00,Fair,35.395484,-118.985176,Bakersfield,CA,1,Friday
2,2021-03-29 07:03:58,Fair,42.532082,-70.94426700000002,Peabody,MA,7,Monday
2,2020-01-14 16:49:23,Light Rain,42.42128,-123.11945,Gold Hill,OR,16,Tuesday
2,2021-08-13 16:48:00,Fair,30.19101,-85.682508,Panama City,FL,16,Friday
2,2022-10-12 13:59:30,Fair,32.868947,-96.804018,Dallas,TX,13,Wednesday
2,2021-10-21 07:39:30,Cloudy,39.717217683602726,-86.1246907706922,Indianapolis,IN,7,Thursday
2,2021-08-25 07:10:09,Cloudy,39.93346,-86.157433,Indianapolis,IN,7,Wednesday
2,2022-02-01 04:13:55,Cloudy,47.258259057773294,-115.05291581099009,Saint Regis,MT,4,Tuesday
2,2020-07-16 11:03:31,Fair,34.72015,-86.616592,Huntsville,AL,11,Thursday
2,2022-02-18 16:53:00,Fair,32.771645,-117.161407,San Diego,CA,16,Friday
2,2019-05-28 07:37:44,Fair,33.436073,-111.926163,Tempe,AZ,7,Tuesday
2,2020-11-30 12:57:30,Mostly Cloudy,25.89866,-80.382801,Miami,FL,12,Monday
2,2021-07-21 18:13:56,Partly Cloudy,38.132332,-77.511383,Woodford,VA,18,Wednesday
2,2018-04-12 07:30:27,Clear,29.75239,-95.364708,Houston,TX,7,Thursday
2,2018-08-09 15:11:13,Scattered Clouds,41.926895,-73.912605,Rhinebeck,NY,15,Thursday
2,2021-11-09 23:47:00,Mostly Cloudy,25.794969,-80.258877,Miami,FL,23,Tuesday
3,2018-01-25 11:30:19,Clear,35.753944,-78.635696,Raleigh,NC,11,Thursday
2,2020-06-15 08:17:29,Fair,34.243271,-118.424461,Arleta,CA,8,Monday
2,2022-03-16 15:15:36,Mostly Cloudy,34.651295000000005,-86.816582,Madison,AL,15,Wednesday
2,2022-03-16 18:56:36,Light Rain,34.03714,-81.090858,Columbia,SC,18,Wednesday
2,2022-02-16 08:30:07,Fair,28.64042401300125,-81.42232775649347,Altamonte Springs,FL,8,Wednesday
2,2022-08-10 18:28:09,Fair,39.16133523,-94.81736541,Kansas City,KS,18,Wednesday
2,2020-04-13 19:14:42,Mostly Cloudy,35.19002000000001,-80.79835,Charlotte,NC,19,Monday
2,2022-03-22 07:22:30,Fair,33.120965000000005,-117.32149,Carlsbad,CA,7,Tuesday
2,2018-05-16 17:45:34,Clear,42.442745,-83.754082,Brighton,MI,17,Wednesday
2,2018-04-10 07:45:54,Clear,30.452003,-91.102585,Baton Rouge,LA,7,Tuesday
2,2019-12-17 07:07:45,Partly Cloudy,39.711113,-104.99913,Denver,CO,7,Tuesday
2,2016-09-13 22:15:22,Clear,38.654133,-121.382942,North Highlands,CA,22,Tuesday
2,2022-11-10 20:28:00,Fair,30.5084002,-91.17196441,Baton Rouge,LA,20,Thursday
2,2021-01-05 01:56:00,Fog,38.087915,-122.231751,Vallejo,CA,1,Tuesday
2,2017-03-09 11:35:36,Clear,33.968791,-84.52694100000002,Marietta,GA,11,Thursday
2,2020-02-20 14:02:56,Fair,43.59297,-123.24644,Yoncalla,OR,14,Thursday
2,2022-10-12 15:51:06,Fair,39.056366,-77.154224,Rockville,MD,15,Wednesday
2,2021-03-25 18:34:22,Partly Cloudy,43.68881821611553,-93.32019925072994,Albert Lea,MN,18,Thursday
2,2022-08-18 21:00:00,Fair,30.504587,-91.144249,Baton Rouge,LA,21,Thursday
3,2020-03-26 16:25:54,Fair,34.057327,-118.165031,Monterey Park,CA,16,Thursday
2,2019-08-12 05:55:35,Fair,33.466942,-82.01059000000002,Augusta,GA,5,Monday
3,2018-08-28 06:49:30,Clear,34.033669,-84.576927,Kennesaw,GA,6,Tuesday
2,2022-06-16 11:16:30,Partly Cloudy,33.781738,-78.988703,Conway,SC,11,Thursday
2,2022-12-30 16:40:00,Mostly Cloudy,33.778744,-117.87663,Santa Ana,CA,16,Friday
3,2017-06-12 13:25:50,Partly Cloudy,41.76364,-87.90538000000002,La Grange,IL,13,Monday
2,2022-03-07 17:54:31,Fair,33.66193,-117.87545,Newport Beach,CA,17,Monday
2,2017-07-25 06:47:54,Mostly Cloudy,34.066238,-84.292969,Alpharetta,GA,6,Tuesday
2,2016-07-04 05:06:45,Scattered Clouds,27.958998,-82.538826,Tampa,FL,5,Monday
2,2017-03-15 08:31:59,Mostly Cloudy,37.37469,-122.06781,Mountain View,CA,8,Wednesday
3,2018-04-04 01:23:23,Overcast,34.07574,-118.46878999999998,Los Angeles,CA,1,Wednesday
3,2017-06-26 11:38:48,Clear,33.346985,-117.158836,Fallbrook,CA,11,Monday
2,2019-12-31 18:04:00,Fair,45.07449,-93.28686,Minneapolis,MN,18,Tuesday
2,2021-02-16 16:37:36,Fair,35.102829,-81.092438,Clover,SC,16,Tuesday
2,2022-06-17 16:29:00,Fair,39.285621,-120.699496,Alta,CA,16,Friday
3,2020-02-14 13:08:51,Cloudy,44.63023,-123.06179,Albany,OR,13,Friday
2,2020-10-28 13:19:00,Fair,28.53927,-81.255138,Orlando,FL,13,Wednesday
2,2019-12-20 20:45:00,Fair,37.663343,-122.105623,Hayward,CA,20,Friday
2,2018-01-10 01:19:10,Scattered Clouds,34.136375,-117.536865,Rancho Cucamonga,CA,1,Wednesday
2,2020-12-03 03:19:39,Fair,40.003669,-77.10945799999998,York Springs,PA,3,Thursday
2,2022-09-21 12:21:00,Fair,32.241101,-107.193978,Las Cruces,NM,12,Wednesday
2,2022-07-17 20:17:44,Fair,34.545514000000004,-82.698272,Anderson,SC,20,Sunday
2,2022-07-01 06:50:49,Fair,40.73016,-73.364278,West Babylon,NY,6,Friday
2,2021-07-27 14:46:30,Mostly Cloudy,39.53349709491953,-119.78752970638376,Reno,NV,14,Tuesday
2,2019-05-31 16:25:36,Fair,38.47342,-122.73049,Santa Rosa,CA,16,Friday
2,2018-01-22 16:19:44,Light Snow,41.212868,-95.933235,Omaha,NE,16,Monday
2,2022-01-26 08:43:00,Partly Cloudy,32.69279122337011,-117.09478497449352,San Diego,CA,8,Wednesday
2,2020-02-19 10:47:26,Fair,40.89112100000001,-74.042473,Hackensack,NJ,10,Wednesday
2,2019-06-13 09:09:20,Mostly Cloudy,34.82713,-82.29314000000002,Greenville,SC,9,Thursday
2,2017-08-18 13:45:38,Scattered Clouds,36.135761,-86.800995,Nashville,TN,13,Friday
2,2022-09-23 15:48:50,Fair,43.176915,-77.639461,Rochester,NY,15,Friday
2,2021-09-17 14:26:45,T-Storm,36.032449,-86.767217,Brentwood,TN,14,Friday
2,2021-06-10 15:45:35,Partly Cloudy,29.404755,-98.441746,San Antonio,TX,15,Thursday
2,2022-09-09 17:33:00,Fair,38.254005,-122.303599,Napa,CA,17,Friday
2,2020-09-24 07:15:00,Fair,37.357388,-76.736358,Williamsburg,VA,7,Thursday
2,2023-01-05 12:06:00,Cloudy,36.56165900000001,-119.628882,Selma,CA,12,Thursday
2,2018-10-29 06:34:59,Clear,32.71241,-97.063004,Arlington,TX,6,Monday
2,2020-10-08 08:57:43,Fair,35.180038,-80.81440699999997,Charlotte,NC,8,Thursday
2,2021-01-14 21:59:48,Fair,36.19486,-81.104258,North Wilkesboro,NC,21,Thursday
2,2016-09-02 18:55:39,Scattered Clouds,42.9743,-83.679016,Burton,MI,18,Friday
3,2017-07-13 16:38:24,Scattered Clouds,42.11775,-87.77868000000002,Northbrook,IL,16,Thursday
2,2021-04-28 14:14:30,Cloudy,44.97134000000001,-93.251959,Minneapolis,MN,14,Wednesday
3,2021-04-20 11:19:26,Fair,34.034206,-118.349991,Los Angeles,CA,11,Tuesday
2,2022-11-03 14:01:05,Mostly Cloudy,25.753384,-80.338165,Miami,FL,14,Thursday
2,2022-03-01 11:21:00,Fair,34.055644,-118.214099,Los Angeles,CA,11,Tuesday
2,2018-01-22 20:16:32,Light Snow,45.125702,-93.346039,Minneapolis,MN,20,Monday
2,2018-01-09 05:09:30,Clear,40.316292,-75.553658,Gilbertsville,PA,5,Tuesday
3,2022-04-25 16:25:10,Fair,34.02985,-118.220757,Los Angeles,CA,16,Monday
2,2021-05-06 05:23:19,Fair,38.780331,-77.17940300000002,Springfield,VA,5,Thursday
3,2019-03-05 07:11:57,Overcast,37.33840900000001,-121.854233,San Jose,CA,7,Tuesday
4,2017-10-23 01:09:23,Mostly Cloudy,40.861739,-73.804528,Bronx,NY,1,Monday
3,2018-03-28 19:31:40,Mostly Cloudy,41.816071,-71.413963,Providence,RI,19,Wednesday
2,2018-04-25 10:50:42,Clear,29.698782,-95.359581,Houston,TX,10,Wednesday
3,2018-07-03 13:08:47,Partly Cloudy,40.806892,-73.924423,Bronx,NY,13,Tuesday
2,2019-07-24 08:17:57,Fair,42.039349,-88.36367,Elgin,IL,8,Wednesday
3,2020-10-23 15:39:43,Mostly Cloudy,28.631571,-81.388336,Maitland,FL,15,Friday
2,2019-08-16 07:05:10,Fair,36.79567,-76.16373399999998,Virginia Beach,VA,7,Friday
2,2022-06-29 20:11:30,Fair,34.190731,-117.36108,San Bernardino,CA,20,Wednesday
2,2021-02-14 21:16:00,Cloudy,32.47521042808305,-90.13128876643118,Madison,MS,21,Sunday
2,2020-05-22 16:59:00,Fair,38.325199,-122.933615,Bodega,CA,16,Friday
2,2023-02-15 15:40:00,Fair,34.13453221,-117.65283465,Upland,CA,15,Wednesday
3,2018-08-18 17:47:52,Thunderstorms and Rain,41.826786,-71.418976,Providence,RI,17,Saturday
2,2023-02-28 11:21:00,Fair,32.768045,-97.318608,Fort Worth,TX,11,Tuesday
2,2021-01-06 00:41:37,Fair,35.139565999999995,-106.598764,Albuquerque,NM,0,Wednesday
2,2021-05-30 20:12:00,Fair,33.774307,-117.920094,Garden Grove,CA,20,Sunday
3,2018-02-16 16:16:50,Mostly Cloudy,43.075649,-83.76289399999997,Flint,MI,16,Friday
2,2017-05-05 13:45:04,Clear,28.55909,-81.22908000000002,Orlando,FL,13,Friday
2,2017-09-21 10:13:34,Clear,40.692017,-77.601875,Reedsville,PA,10,Thursday
2,2018-01-11 09:09:16,Overcast,40.73525,-73.91933,Woodside,NY,9,Thursday
2,2019-07-10 06:57:22,Fair,42.24073,-87.86261,Lake Forest,IL,6,Wednesday
2,2021-05-13 04:36:30,Fair,38.555561,-121.441157,Sacramento,CA,4,Thursday
3,2021-12-26 19:55:30,Fair,36.00922,-83.970413,Knoxville,TN,19,Sunday
2,2022-09-08 20:54:00,Fair,32.456486,-93.774536,Shreveport,LA,20,Thursday
2,2022-03-01 08:29:00,Fair,37.333635,-122.020115,Cupertino,CA,8,Tuesday
2,2017-06-29 08:51:59,Mostly Cloudy,25.80702,-80.20572,Miami,FL,8,Thursday
2,2020-11-15 03:08:00,Mostly Cloudy,27.462478000000004,-82.57185799999998,Bradenton,FL,3,Sunday
2,2017-12-19 19:10:18,Clear,36.093483,-79.441162,Burlington,NC,19,Tuesday
2,2019-08-05 16:59:08,Mostly Cloudy,31.67798,-106.31633,El Paso,TX,16,Monday
2,2020-08-03 06:05:05,Fair,27.981527000000003,-82.384079,Tampa,FL,6,Monday
2,2018-12-10 16:49:47,Scattered Clouds,39.44198,-76.35559,Joppa,MD,16,Monday
2,2021-02-02 23:54:35,Fog,42.46934,-91.086799,Dyersville,IA,23,Tuesday
3,2020-12-16 06:30:40,Cloudy,30.429234,-90.085938,Covington,LA,6,Wednesday
2,2017-01-13 05:37:46,Overcast,32.878840000000004,-96.71797,Dallas,TX,5,Friday
2,2022-08-09 16:18:56,Thunder,35.25724053,-81.02231383,Belmont,NC,16,Tuesday
2,2021-08-30 16:08:06,Fair,25.880906,-80.226609,Miami,FL,16,Monday
2,2021-12-17 16:03:00,Fair,40.232314,-76.94521999999998,Camp Hill,PA,16,Friday
2,2022-01-21 10:26:39,Mostly Cloudy,39.974659,-111.340523,Springville-Mapleton,UT,10,Friday
3,2021-10-22 06:11:59,Partly Cloudy,36.845131,-76.277237,Norfolk,VA,6,Friday
2,2017-03-29 12:46:10,Partly Cloudy,40.86127000000001,-111.90064,Woods Cross,UT,12,Wednesday
2,2018-01-16 09:27:46,Mostly Cloudy,47.849457,-122.220512,Bothell,WA,9,Tuesday
3,2020-05-25 18:24:43,Light Rain with Thunder,38.775478,-90.340782,Hazelwood,MO,18,Monday
2,2017-07-01 12:23:47,Partly Cloudy,37.544529,-122.00796499999998,Fremont,CA,12,Saturday
2,2021-05-15 15:11:00,Fair,35.372902,-118.975044,Bakersfield,CA,15,Saturday
2,2022-01-14 19:04:30,Light Rain,39.072074,-94.52412,Kansas City,MO,19,Friday
1,2020-06-17 15:29:48,Fair,39.10526,-84.39464,Cincinnati,OH,15,Wednesday
2,2018-12-10 08:53:32,Light Rain,33.74981,-84.23133,Decatur,GA,8,Monday
2,2022-09-07 06:17:00,Fair,27.974668,-82.45365600000002,Tampa,FL,6,Wednesday
2,2020-06-15 15:32:48,Fair,30.35425,-91.11026,Baton Rouge,LA,15,Monday
2,2021-12-17 18:32:31,Cloudy,41.363911,-83.087967,Fremont,OH,18,Friday
2,2021-03-25 14:36:30,Fair,38.551573,-121.474087,Sacramento,CA,14,Thursday
2,2020-11-01 21:25:19,Fair,30.213137,-97.753515,Austin,TX,21,Sunday
2,2022-05-23 10:28:39,Partly Cloudy,47.680961,-114.119476,Polson,MT,10,Monday
2,2017-11-03 07:42:52,Overcast,35.555931,-97.624535,Oklahoma City,OK,7,Friday
3,2022-07-26 05:52:20,T-Storm,25.847029,-80.207611,Miami,FL,5,Tuesday
2,2021-05-27 21:08:14,Partly Cloudy,35.25412,-80.85749799999998,Charlotte,NC,21,Thursday
2,2020-09-18 00:31:12,Light Rain,35.127429,-80.875147,Charlotte,NC,0,Friday
2,2020-12-02 14:03:30,Fair,25.941869,-80.30255799999998,Hialeah,FL,14,Wednesday
2,2019-12-13 08:28:50,Rain,34.186409000000005,-80.211472,Bishopville,SC,8,Friday
3,2018-03-03 10:20:50,Clear,39.668849,-74.89304200000002,Hammonton,NJ,10,Saturday
3,2022-07-19 17:32:43,Partly Cloudy,36.821903000000006,-77.959717,Alberta,VA,17,Tuesday
2,2019-10-11 19:58:34,Fair,33.873642,-118.06105,Cerritos,CA,19,Friday
4,2018-12-25 20:32:30,Partly Cloudy,39.13948,-76.6154,Glen Burnie,MD,20,Tuesday
1,2020-05-08 05:32:03,Partly Cloudy,34.0317,-84.0664,Suwanee,GA,5,Friday
2,2019-09-25 02:08:00,Fair,35.32527800000001,-119.038056,Bakersfield,CA,2,Wednesday
2,2021-09-12 17:40:00,Fair,38.46824,-121.39901,Sacramento,CA,17,Sunday
2,2019-12-28 06:46:00,Fair,35.19378,-118.536415,Tehachapi,CA,6,Saturday
2,2020-04-01 20:28:05,Fair,28.27878,-81.34339,Kissimmee,FL,20,Wednesday
2,2020-01-27 07:02:39,Cloudy,30.42238,-84.11934699999998,Tallahassee,FL,7,Monday
2,2022-12-28 13:40:00,Fair,41.232293,-73.22055999999998,Trumbull,CT,13,Wednesday
2,2022-08-02 07:28:44,Fair,37.57716,-77.4645,Richmond,VA,7,Tuesday
2,2021-01-10 08:21:11,Cloudy,44.948877,-92.959839,Saint Paul,MN,8,Sunday
3,2020-02-29 09:57:49,Mostly Cloudy,33.960041,-118.280762,Los Angeles,CA,9,Saturday
3,2018-07-03 08:10:47,Clear,47.767494,-122.322792,Seattle,WA,8,Tuesday
2,2022-01-20 15:17:30,Fair,44.67338204362548,-93.29414963677742,Lakeville,MN,15,Thursday
4,2019-09-30 12:42:56,Fair,40.407188,-104.992989,Loveland,CO,12,Monday
3,2019-05-17 14:58:40,Light Rain,41.044201,-73.76406899999998,White Plains,NY,14,Friday
2,2022-04-08 16:18:29,Fair,32.514702,-93.747115,Shreveport,LA,16,Friday
2,2022-02-10 13:36:00,Light Snow,48.89521,-95.418591,Warroad,MN,13,Thursday
2,2019-01-23 18:16:39,Overcast,41.85065,-71.42499000000002,Providence,RI,18,Wednesday
2,2022-11-03 20:13:06,Fair,36.650905,-78.484771,Clarksville,VA,20,Thursday
2,2016-08-30 19:59:01,Scattered Clouds,38.553505,-121.409332,Sacramento,CA,19,Tuesday
2,2022-07-13 09:41:46,Partly Cloudy,29.725536,-95.412818,Houston,TX,9,Wednesday
2,2020-03-09 08:56:41,Fair,40.09684,-78.936447,Stoystown,PA,8,Monday
3,2020-11-06 04:52:04,Fair,32.884895,-97.31765,Fort Worth,TX,4,Friday
4,2020-02-07 10:05:24,Rain,25.78834,-80.20831,Miami,FL,10,Friday
2,2022-06-13 15:09:05,Cloudy,41.88800000000001,-88.034126,Lombard,IL,15,Monday
2,2021-08-06 07:58:02,Fair,42.242199,-71.027603,Quincy,MA,7,Friday
2,2022-12-15 20:41:00,Light Snow,45.129281,-93.361962,Minneapolis,MN,20,Thursday
2,2021-09-25 14:25:00,Fair,30.26585900000001,-97.738607,Austin,TX,14,Saturday
1,2020-05-26 18:38:04,Mostly Cloudy,30.34528,-91.03114,Baton Rouge,LA,18,Tuesday
2,2019-01-24 11:18:21,Rain,41.699841,-74.409859,Ellenville,NY,11,Thursday
2,2021-05-22 00:40:30,Fair,36.804693,-76.189728,Virginia Beach,VA,0,Saturday
2,2021-12-07 06:41:34,Cloudy,36.604633,-121.860687,Monterey,CA,6,Tuesday
2,2022-07-31 19:56:00,Fair,41.28849,-72.597656,Madison,CT,19,Sunday
2,2021-11-03 07:46:00,Fog,44.93308424928221,-123.07450175226651,Salem,OR,7,Wednesday
2,2021-07-19 12:30:00,Showers in the Vicinity,27.13660597788269,-80.28775334319931,Palm City,FL,12,Monday
2,2022-06-01 12:27:39,Partly Cloudy,25.890733,-80.163416,Miami,FL,12,Wednesday
2,2016-10-14 15:38:52,Mostly Cloudy,32.939941,-96.746048,Richardson,TX,15,Friday
2,2022-06-27 23:15:13,Fair,33.731218,-80.22000799999998,Alcolu,SC,23,Monday
2,2019-09-06 17:31:00,Fair,34.065058,-117.307019,Colton,CA,17,Friday
2,2019-09-20 14:06:00,Fair,37.771792,-122.423404,San Francisco,CA,14,Friday
2,2018-12-04 07:13:00,Clear,41.031089,-111.94763,Kaysville,UT,7,Tuesday
3,2017-07-27 11:43:43,Mostly Cloudy,36.242409,-86.74968,Madison,TN,11,Thursday
2,2018-09-25 17:39:27,Clear,38.749519,-120.617928,Camino,CA,17,Tuesday
2,2018-10-12 20:59:28,Clear,40.220642,-74.03313399999998,Neptune,NJ,20,Friday
2,2021-07-21 09:46:25,Fair,35.49329,-97.521072,Oklahoma City,OK,9,Wednesday
4,2017-02-14 01:08:32,Overcast,30.036789,-95.851984,Hockley,TX,1,Tuesday
2,2016-09-06 19:55:49,Overcast,40.006477,-75.288216,Ardmore,PA,19,Tuesday
2,2021-10-23 16:01:17,Fair,35.81109,-78.580972,Raleigh,NC,16,Saturday
2,2022-05-02 06:38:00,Mostly Cloudy,32.733779,-96.764888,Dallas,TX,6,Monday
2,2017-04-02 15:19:16,Partly Cloudy,33.876465,-118.100624,Cerritos,CA,15,Sunday
2,2017-04-21 15:15:56,Mostly Cloudy,30.183477000000003,-97.849632,Austin,TX,15,Friday
2,2018-03-27 16:45:26,Overcast,40.73547,-73.85982,Rego Park,NY,16,Tuesday
2,2017-09-21 18:52:43,Overcast,41.81103,-71.44057,Providence,RI,18,Thursday
2,2020-02-27 07:00:25,Fair,32.41148,-93.81459,Shreveport,LA,7,Thursday
2,2018-12-21 10:43:38,Overcast,39.76897,-84.202713,Dayton,OH,10,Friday
2,2022-04-02 13:15:42,Mostly Cloudy,39.463545083811454,-119.7862207883845,Reno,NV,13,Saturday
2,2022-06-26 12:47:25,Partly Cloudy,40.745217,-73.847387,Flushing,NY,12,Sunday
3,2019-03-31 20:43:47,Clear,40.845654,-73.931679,New York,NY,20,Sunday
3,2021-11-03 07:37:24,Fog,39.160172,-94.640839,Riverside,MO,7,Wednesday
4,2016-12-12 12:55:46,Overcast,34.530297,-83.531111,Cornelia,GA,12,Monday
2,2016-12-02 18:20:09,Clear,37.901941,-122.07045,Walnut Creek,CA,18,Friday
3,2020-01-18 21:50:32,Mostly Cloudy,27.930662,-82.579132,Tampa,FL,21,Saturday
2,2018-06-02 06:09:25,Clear,41.249893,-112.142059,Ogden,UT,6,Saturday
3,2019-11-09 23:35:46,Fair,34.072163,-118.090561,San Gabriel,CA,23,Saturday
2,2021-10-30 03:16:00,Fair,33.948277000000004,-98.524823,Wichita Falls,TX,3,Saturday
2,2022-02-25 06:24:00,Fair,33.880951,-117.599099,Corona,CA,6,Friday
2,2022-07-21 16:38:07,Mostly Cloudy / Windy,41.876803,-87.617139,Chicago,IL,16,Thursday
3,2017-03-14 02:08:47,Clear,37.317062,-121.974922,San Jose,CA,2,Tuesday
2,2021-09-24 21:49:00,Fair,35.547777414152385,-117.92772889081036,Ridgecrest,CA,21,Friday
3,2020-09-19 07:17:12,Fair,39.641087,-75.80246,Elkton,MD,7,Saturday
2,2022-02-23 07:09:00,Mostly Cloudy,33.80623,-118.171984,Signal Hill,CA,7,Wednesday
2,2022-12-07 14:13:30,Mostly Cloudy,33.462169,-112.044382,Phoenix,AZ,14,Wednesday
2,2018-07-03 07:01:47,Clear,38.836704,-104.823357,Colorado Springs,CO,7,Tuesday
3,2019-01-25 18:11:16,Clear,39.632568,-84.20192,Dayton,OH,18,Friday
3,2022-04-06 04:10:55,Cloudy,36.038445,-83.440079,Dandridge,TN,4,Wednesday
3,2019-12-10 21:37:04,Fair,32.647503,-96.860741,Dallas,TX,21,Tuesday
2,2019-05-03 15:37:31,Cloudy,40.04224,-82.90215,Columbus,OH,15,Friday
3,2016-05-02 11:34:45,Clear,37.928844,-122.385765,Richmond,CA,11,Monday
2,2019-09-26 11:54:37,Mostly Cloudy,42.959511,-78.813889,Buffalo,NY,11,Thursday
3,2020-06-10 08:56:41,Partly Cloudy,32.883392,-80.019562,Charleston,SC,8,Wednesday
2,2022-03-06 03:45:46,Fair,34.58602309210498,-81.89263701399852,Clinton,SC,3,Sunday
2,2016-10-11 08:56:37,Overcast,28.539232,-81.405464,Orlando,FL,8,Tuesday
2,2021-05-26 13:05:01,Fair,34.063606,-118.247627,Los Angeles,CA,13,Wednesday
2,2022-10-14 07:52:00,Fair,41.946495,-78.69923399999998,Bradford,PA,7,Friday
2,2020-04-18 09:48:55,Mostly Cloudy,35.220367,-80.827347,Charlotte,NC,9,Saturday
2,2018-01-03 12:25:17,Overcast,35.830528,-78.577904,Raleigh,NC,12,Wednesday
2,2022-05-05 09:17:00,Mostly Cloudy,34.04071927054385,-118.22152733746422,Los Angeles,CA,9,Thursday
2,2017-02-28 16:48:10,Clear,38.59594,-121.395882,Sacramento,CA,16,Tuesday
2,2021-11-04 18:45:48,Cloudy,32.36612,-86.271388,Montgomery,AL,18,Thursday
3,2017-02-16 16:59:40,Mostly Cloudy,34.031166,-118.433472,Los Angeles,CA,16,Thursday
2,2022-11-11 16:13:37,Cloudy,34.879244,-82.20799,Greer,SC,16,Friday
2,2023-01-23 01:53:49,Cloudy,42.33213544,-83.08574796,Detroit,MI,1,Monday
3,2016-09-06 10:37:52,Mostly Cloudy,26.318256,-80.116394,Deerfield Beach,FL,10,Tuesday
2,2020-06-15 21:32:00,Fair,35.352222,-118.985278,Bakersfield,CA,21,Monday
2,2018-06-07 17:18:33,Scattered Clouds,35.761955,-78.744987,Cary,NC,17,Thursday
2,2021-01-18 01:00:45,Fair,45.941723,-123.919311,Seaside,OR,1,Monday
4,2019-08-05 07:36:17,Fair,28.59226,-81.38045,Winter Park,FL,7,Monday
2,2019-11-22 18:18:23,Fair,40.170212,-74.10125699999998,Belmar,NJ,18,Friday
2,2020-02-10 08:35:08,Mostly Cloudy,35.216358,-80.921829,Charlotte,NC,8,Monday
2,2022-04-08 12:36:33,Partly Cloudy,25.889347,-80.186409,North Miami,FL,12,Friday
2,2022-04-28 16:56:05,Mostly Cloudy,39.629820585061886,-104.90491747806117,Denver,CO,16,Thursday
2,2017-10-20 07:19:44,Clear,40.749386,-73.61796600000002,Carle Place,NY,7,Friday
1,2022-08-02 18:23:57,Fair,34.886471,-82.303329,Taylors,SC,18,Tuesday
2,2022-01-02 23:05:57,Fair,46.419393,-94.089427,Brainerd,MN,23,Sunday
2,2021-11-29 09:19:00,Fair,34.77360606176961,-118.17080140057482,Lancaster,CA,9,Monday
2,2020-05-05 20:41:00,Fair,37.711385,-122.127566,San Leandro,CA,20,Tuesday
2,2022-02-10 17:25:04,Fair,33.38078856452283,-86.81502699810592,Birmingham,AL,17,Thursday
3,2021-10-20 08:40:25,Partly Cloudy,34.067444,-117.567627,Ontario,CA,8,Wednesday
2,2021-11-05 19:14:00,Cloudy,30.401858,-91.105384,Baton Rouge,LA,19,Friday
3,2018-07-27 21:22:55,Scattered Clouds,44.960217,-93.201523,Saint Paul,MN,21,Friday
2,2018-01-08 08:41:11,Clear,38.8704,-94.79737,Olathe,KS,8,Monday
2,2021-08-14 10:40:00,Partly Cloudy,38.350636,-121.223784,Wilton,CA,10,Saturday
2,2021-02-02 22:32:00,Light Snow,43.17491500000001,-77.613247,Rochester,NY,22,Tuesday
3,2021-01-21 19:36:26,Mostly Cloudy,41.744354,-87.849586,Willow Springs,IL,19,Thursday
2,2020-02-18 06:52:43,Fog,45.409069,-123.052483,Hillsboro,OR,6,Tuesday
2,2018-02-01 23:33:39,Clear,38.573208,-122.840469,Healdsburg,CA,23,Thursday
2,2022-08-17 17:33:56,Partly Cloudy,34.828951,-82.52704200000002,Easley,SC,17,Wednesday
2,2019-04-12 15:39:52,Fair,44.592531,-121.13201,Madras,OR,15,Friday
2,2018-06-19 07:42:30,Clear,47.159256,-122.464577,Tacoma,WA,7,Tuesday
2,2021-04-05 11:00:29,Fair,35.20673,-80.876442,Charlotte,NC,11,Monday
2,2020-01-30 17:36:50,Cloudy,29.397224,-98.649551,San Antonio,TX,17,Thursday
2,2019-10-26 14:22:00,Partly Cloudy,37.644139,-122.491896,Pacifica,CA,14,Saturday
3,2017-12-31 07:40:14,Overcast,29.991257,-90.058449,New Orleans,LA,7,Sunday
2,2022-05-18 14:03:30,Fair,38.995269,-77.027232,Silver Spring,MD,14,Wednesday
2,2018-03-14 21:14:52,Clear,30.234537,-92.002296,Lafayette,LA,21,Wednesday
3,2018-12-28 19:01:12,Overcast,42.228817,-83.616928,Ypsilanti,MI,19,Friday
3,2018-10-24 16:33:13,Clear,45.127884,-93.486031,Maple Grove,MN,16,Wednesday
2,2020-10-29 06:27:09,Cloudy,41.995079,-73.875603,Red Hook,NY,6,Thursday
2,2019-05-31 12:51:02,Fair,37.92641,-122.05849,Walnut Creek,CA,12,Friday
2,2021-05-03 06:52:30,Cloudy,42.971982,-85.67087,Grand Rapids,MI,6,Monday
2,2019-11-14 18:19:25,Fair,33.054688,-96.830292,Plano,TX,18,Thursday
2,2022-08-22 07:02:30,Light Rain,32.618974,-97.164916,Arlington,TX,7,Monday
2,2021-01-08 14:46:30,Light Rain,35.797654,-78.56290200000002,Raleigh,NC,14,Friday
2,2021-05-15 11:06:56,Fair,36.327,-119.29229,Visalia,CA,11,Saturday
2,2021-10-28 08:28:00,Fair,32.134285,-110.8888,Tucson,AZ,8,Thursday
2,2017-09-27 05:57:07,Partly Cloudy,39.665314,-86.102554,Indianapolis,IN,5,Wednesday
2,2022-11-16 21:40:30,Mostly Cloudy,36.153947,-86.758278,Nashville,TN,21,Wednesday
2,2022-05-04 07:50:30,Cloudy,40.379663,-80.00081,Pittsburgh,PA,7,Wednesday
2,2022-02-05 14:25:11,Mostly Cloudy,25.760886,-80.395587,Miami,FL,14,Saturday
2,2016-11-28 20:28:37,Clear,34.157715,-118.37941,North Hollywood,CA,20,Monday
2,2021-10-08 21:55:30,Partly Cloudy,26.005913,-80.16712,Hollywood,FL,21,Friday
2,2020-07-15 10:20:21,Fair,33.275242,-81.384987,Barnwell,SC,10,Wednesday
2,2021-10-09 16:55:44,Fair,30.349002,-97.676512,Austin,TX,16,Saturday
2,2021-06-08 08:07:30,Fair,37.892216,-122.154462,Lafayette,CA,8,Tuesday
2,2022-11-03 09:22:00,Fair,37.795906,-122.421776,San Francisco,CA,9,Thursday
2,2017-11-06 17:30:36,Overcast,44.983044,-93.400597,Minneapolis,MN,17,Monday
2,2021-09-16 15:37:49,Heavy Rain,33.00583,-80.125109,Ladson,SC,15,Thursday
1,2022-09-08 07:14:24,Fair,41.853352,-87.957619,Villa Park,IL,7,Thursday
2,2022-03-01 15:07:00,Partly Cloudy,26.61299586283391,-81.8007338043127,Fort Myers,FL,15,Tuesday
2,2018-05-01 07:13:20,Mostly Cloudy,29.944252,-90.076813,New Orleans,LA,7,Tuesday
2,2018-03-02 13:55:02,Rain,41.531818,-72.793961,Meriden,CT,13,Friday
2,2020-08-04 07:04:20,Fog,33.540062,-81.991791,North Augusta,SC,7,Tuesday
3,2017-12-27 13:15:11,Fair,34.336239,-118.511429,Newhall,CA,13,Wednesday
2,2021-11-09 16:20:30,Fair,34.672771000000004,-82.540604,Pelzer,SC,16,Tuesday
3,2018-11-12 20:40:39,Clear,30.335871,-81.669174,Jacksonville,FL,20,Monday
3,2016-10-05 08:46:37,Mostly Cloudy,38.646744,-90.530266,Chesterfield,MO,8,Wednesday
2,2022-12-02 18:23:00,Mostly Cloudy,33.913327,-118.278348,Los Angeles,CA,18,Friday
2,2019-03-29 19:22:47,Overcast,27.981569,-82.298187,Seffner,FL,19,Friday
2,2020-11-07 05:10:00,Fair,42.646619,-70.976775,Boxford,MA,5,Saturday
3,2019-01-02 08:59:19,Overcast,28.001877,-82.327469,Tampa,FL,8,Wednesday
2,2022-11-21 20:50:00,Fair,30.444717,-84.27959399999997,Tallahassee,FL,20,Monday
2,2022-10-12 07:32:30,Cloudy,33.669519,-117.822494,Irvine,CA,7,Wednesday
2,2022-05-11 08:30:30,Partly Cloudy,33.952053,-118.040629,Whittier,CA,8,Wednesday
2,2020-02-21 15:34:30,Partly Cloudy,33.986670000000004,-118.16992,Bell Gardens,CA,15,Friday
4,2022-07-22 18:41:00,Fair,40.11757100000001,-87.52580999999998,Covington,IN,18,Friday
2,2020-10-05 05:49:00,Fair,32.841879,-117.125447,San Diego,CA,5,Monday
2,2021-05-22 07:06:00,Cloudy,30.439602,-97.68588,Austin,TX,7,Saturday
2,2022-03-09 08:57:19,Light Rain,39.295769,-76.82495899999998,Ellicott City,MD,8,Wednesday
2,2016-10-14 09:56:46,Clear,39.930653,-76.814865,York,PA,9,Friday
2,2020-12-28 23:38:00,Mostly Cloudy,39.968569,-76.730864,York,PA,23,Monday
2,2021-04-16 16:24:00,Fair,38.088596,-122.231795,Vallejo,CA,16,Friday
2,2019-04-15 16:34:32,Cloudy / Windy,41.560726,-93.80925,West des Moines,IA,16,Monday
3,2017-01-16 08:45:54,Mostly Cloudy,26.759096000000003,-80.09101899999997,West Palm Beach,FL,8,Monday
2,2020-02-10 08:16:22,Light Rain,43.0896,-76.36768000000002,Warners,NY,8,Monday
3,2017-08-23 08:40:38,Mostly Cloudy,40.816238,-111.920296,Salt Lake City,UT,8,Wednesday
2,2019-04-10 15:46:29,Light Snow,45.152561,-94.644981,Grove City,MN,15,Wednesday
2,2022-04-22 13:28:40,Fair,34.711414000000005,-86.53407299999998,Huntsville,AL,13,Friday
2,2022-03-23 16:37:25,Mostly Cloudy,35.30739600000001,-80.84796899999998,Charlotte,NC,16,Wednesday
2,2020-11-02 13:59:00,Cloudy,25.783894,-80.21865,Miami,FL,13,Monday
2,2018-04-27 08:57:00,Clear,36.050442,-86.614723,Antioch,TN,8,Friday
2,2017-01-20 08:23:11,Light Rain,34.011852000000005,-117.433731,Riverside,CA,8,Friday
2,2022-06-15 05:17:31,Light Drizzle,45.450947,-92.990204,Stacy,MN,5,Wednesday
3,2019-06-19 05:52:50,Fair,26.204899,-80.142601,Fort Lauderdale,FL,5,Wednesday
2,2016-08-09 09:48:55,Clear,42.283363,-87.960327,Libertyville,IL,9,Tuesday
3,2022-06-16 15:07:47,Partly Cloudy,33.506302000000005,-84.23162099999998,Stockbridge,GA,15,Thursday
2,2019-06-13 06:07:13,Mostly Cloudy,33.422340000000005,-111.831451,Mesa,AZ,6,Thursday
2,2017-03-22 15:07:48,Clear,34.495102,-82.499626,Belton,SC,15,Wednesday
2,2021-02-03 10:52:26,Partly Cloudy,33.85244,-117.813553,Anaheim,CA,10,Wednesday
3,2022-03-21 04:26:21,Fair,38.325291,-122.023605,Vacaville,CA,4,Monday
2,2018-01-19 14:39:51,Clear,35.115134999999995,-81.064178,Clover,SC,14,Friday
3,2017-03-21 09:37:12,Light Rain,37.74055900000001,-121.58578500000002,Tracy,CA,9,Tuesday
2,2021-06-13 21:57:30,Cloudy,40.853081,-73.960237,Fort Lee,NJ,21,Sunday
2,2020-12-23 12:36:00,Partly Cloudy,28.417018,-81.404597,Orlando,FL,12,Wednesday
2,2022-02-12 21:10:00,Fair,37.700477,-121.080215,Salida,CA,21,Saturday
2,2022-05-04 17:50:50,Mostly Cloudy,35.748061,-78.67347099999998,Raleigh,NC,17,Wednesday
3,2017-12-14 11:01:05,Clear,45.605713,-122.68235,Portland,OR,11,Thursday
2,2023-01-02 18:06:00,Cloudy,38.568135,-121.767563,Davis,CA,18,Monday
2,2022-01-29 02:59:30,Fair,33.87654000000001,-118.084205,Artesia,CA,2,Saturday
2,2019-10-23 08:55:04,Fair,44.861645,-93.444473,Eden Prairie,MN,8,Wednesday
2,2021-01-08 19:17:46,Light Rain,35.22126,-80.82444,Charlotte,NC,19,Friday
2,2023-02-26 04:53:21,Fair,39.63939071,-104.91062522,Denver,CO,4,Sunday
2,2022-01-31 15:38:46,Fair,31.228531,-85.43222,Dothan,AL,15,Monday
3,2021-10-23 08:09:17,Rain,45.52013,-122.665298,Portland,OR,8,Saturday
2,2021-07-21 16:20:00,Fair,34.985365,-118.938645,Arvin,CA,16,Wednesday
3,2021-01-26 04:35:21,Heavy T-Storm,33.905888,-84.432503,Atlanta,GA,4,Tuesday
2,2022-09-26 16:20:00,Fair,34.193896,-118.509852,Van Nuys,CA,16,Monday
2,2022-07-29 08:09:00,Fair,47.529094,-122.19771,Renton,WA,8,Friday
2,2021-09-08 16:24:52,Fair,30.378358,-97.679763,Austin,TX,16,Wednesday
2,2016-06-23 12:17:49,Mostly Cloudy,47.60984000000001,-122.328674,Seattle,WA,12,Thursday
2,2019-11-06 07:38:00,Cloudy,44.84585,-93.53104,Chanhassen,MN,7,Wednesday
2,2021-11-14 13:03:30,Fair,29.704092,-95.563925,Houston,TX,13,Sunday
2,2020-10-05 13:20:31,Fair,41.459257,-86.473623,Walkerton,IN,13,Monday
2,2021-01-29 06:57:31,Fair,34.489784,-82.64241,Anderson,SC,6,Friday
2,2017-08-04 17:37:49,Scattered Clouds,34.756187,-82.281296,Simpsonville,SC,17,Friday
2,2022-02-10 06:55:18,Fair,35.32162899999999,-80.852173,Charlotte,NC,6,Thursday
2,2018-02-16 06:16:07,Clear,39.483791,-121.24559,Forbestown,CA,6,Friday
3,2017-02-15 07:23:50,Overcast,28.535322,-81.38333100000001,Orlando,FL,7,Wednesday
2,2019-10-02 03:25:28,Mostly Cloudy,30.773331,-85.821907,Caryville,FL,3,Wednesday
2,2023-01-19 15:20:30,Fair,32.199798,-110.903019,Tucson,AZ,15,Thursday
2,2020-03-22 17:29:00,Rain,37.316435,-121.9683,San Jose,CA,17,Sunday
2,2022-10-10 14:11:00,Cloudy,40.943158,-124.102737,McKinleyville,CA,14,Monday
4,2016-10-19 19:00:58,Clear,33.484278,-83.560666,Madison,GA,19,Wednesday
3,2018-10-30 15:54:03,Overcast,41.79963,-88.05669,Lisle,IL,15,Tuesday
2,2020-12-30 16:26:00,Light Rain / Windy,43.164654,-77.683211,Rochester,NY,16,Wednesday
1,2016-10-06 00:22:41,Clear,34.21801,-118.565559,Winnetka,CA,0,Thursday
2,2020-10-29 13:36:30,Fair,33.941413,-117.555459,Norco,CA,13,Thursday
2,2021-02-04 08:36:57,Cloudy,39.106392,-94.57338,Kansas City,MO,8,Thursday
2,2020-11-07 00:43:40,Rain,25.946582,-80.294199,Hialeah,FL,0,Saturday
3,2019-08-26 08:52:19,Cloudy,30.487127,-91.166367,Baton Rouge,LA,8,Monday
2,2020-04-11 18:59:55,Fair,45.33613,-122.76956,Wilsonville,OR,18,Saturday
2,2023-02-09 07:50:00,Fair,33.386487,-111.778584,Mesa,AZ,7,Thursday
2,2017-01-10 17:31:35,Overcast,42.60904,-71.11895,Andover,MA,17,Tuesday
2,2016-10-02 12:51:05,Clear,34.157654,-84.173172,Cumming,GA,12,Sunday
2,2022-04-15 15:06:30,Fair,32.418678,-110.961105,Tucson,AZ,15,Friday
2,2021-01-28 03:19:00,Light Snow,41.262577,-121.950355,McCloud,CA,3,Thursday
2,2018-01-16 10:50:55,Clear,28.309757,-82.700089,Port Richey,FL,10,Tuesday
2,2017-10-26 14:12:19,Clear,35.789848,-78.677368,Raleigh,NC,14,Thursday
2,2021-02-16 06:42:43,Light Rain,26.548192,-81.83929300000001,Fort Myers,FL,6,Tuesday
2,2022-09-04 08:44:00,Mostly Cloudy,35.83869,-80.27042800000002,Lexington,NC,8,Sunday
4,2018-07-04 20:08:19,Partly Cloudy,37.776272,-122.16421499999998,Oakland,CA,20,Wednesday
2,2017-01-18 16:19:07,Light Rain,38.019184,-121.75154,Oakley,CA,16,Wednesday
2,2022-09-10 21:09:30,Cloudy,37.630902,-77.566847,Henrico,VA,21,Saturday
3,2017-05-15 07:56:30,Mostly Cloudy,30.428490000000004,-97.66494,Pflugerville,TX,7,Monday
2,2022-01-21 14:25:00,Mostly Cloudy,29.895740747309222,-90.09002566294627,Marrero,LA,14,Friday
2,2016-11-16 08:18:51,Clear,34.252708,-118.557945,Northridge,CA,8,Wednesday
2,2021-04-14 08:11:00,Fair,36.676319,-120.162716,Kerman,CA,8,Wednesday
2,2022-02-10 10:54:30,Mostly Cloudy,40.377862,-111.820726,American Fork,UT,10,Thursday
2,2016-11-02 12:33:25,Mostly Cloudy,29.983116,-95.295914,Humble,TX,12,Wednesday
2,2023-01-26 14:06:00,Cloudy,45.137976,-93.392056,Minneapolis,MN,14,Thursday
2,2021-07-02 05:50:30,Cloudy,34.068303,-117.97682,Baldwin Park,CA,5,Friday
2,2022-05-04 00:35:44,Partly Cloudy,33.45782160743018,-112.36429095214667,Goodyear,AZ,0,Wednesday
2,2023-02-10 23:15:00,Cloudy,39.179464,-122.902719,Upper Lake,CA,23,Friday
2,2023-02-02 17:04:25,Fair,39.725568,-105.062654,Denver,CO,17,Thursday
2,2020-10-09 05:18:00,Smoke,40.368994,-122.282456,Cottonwood,CA,5,Friday
3,2021-02-17 16:04:01,Fair,33.72892,-84.392838,Atlanta,GA,16,Wednesday
3,2018-06-21 06:52:43,Clear,38.01913,-121.93727,Pittsburg,CA,6,Thursday
3,2020-07-25 04:57:22,Fog,34.072208,-117.890251,West Covina,CA,4,Saturday
2,2022-08-01 09:40:24,Fair,28.534975,-81.396187,Orlando,FL,9,Monday
2,2020-09-29 12:02:30,Fair,32.346031,-95.267277,Tyler,TX,12,Tuesday
1,2022-07-15 04:39:58,Fair,35.460075,-97.618843,Oklahoma City,OK,4,Friday
2,2021-10-18 08:48:00,Mostly Cloudy,40.460431,-77.809122,Mc Veytown,PA,8,Monday
2,2020-02-03 18:39:00,Cloudy,45.01535,-93.47159,Minneapolis,MN,18,Monday
3,2018-04-23 07:49:33,Clear,42.646511,-71.18609599999998,Andover,MA,7,Monday
3,2018-02-14 13:17:18,Light Rain,35.021038,-90.002724,Memphis,TN,13,Wednesday
2,2019-07-18 13:50:17,Fair,33.165240999999995,-87.548653,Tuscaloosa,AL,13,Thursday
2,2021-12-06 06:16:00,Heavy T-Storm,36.124435,-86.73709699999998,Nashville,TN,6,Monday
3,2018-04-19 07:58:17,Overcast,41.475719,-81.8825,Westlake,OH,7,Thursday
2,2021-01-17 01:56:00,Fair,30.520404,-84.05413100000001,Tallahassee,FL,1,Sunday
2,2023-03-29 16:18:00,Fair,33.313145,-84.18885300000002,Griffin,GA,16,Wednesday
2,2022-12-10 13:28:00,Mostly Cloudy,30.423987,-91.14832,Baton Rouge,LA,13,Saturday
3,2017-06-23 03:59:03,Clear,32.59167,-96.82253,Lancaster,TX,3,Friday
2,2019-06-13 10:14:01,Fair,33.722179,-84.407852,Atlanta,GA,10,Thursday
2,2018-02-09 16:49:01,Scattered Clouds,30.459518,-91.089859,Baton Rouge,LA,16,Friday
3,2018-01-05 19:52:03,Clear,35.462299,-97.49633,Oklahoma City,OK,19,Friday
2,2019-12-29 04:45:49,Fair,33.866257,-117.998322,Buena Park,CA,4,Sunday
3,2018-03-13 06:23:49,Clear,36.786861,-76.42347,Chesapeake,VA,6,Tuesday
2,2017-04-17 15:51:16,Partly Cloudy,33.980312,-117.955284,Hacienda Heights,CA,15,Monday
2,2023-02-07 17:27:00,Fair,38.285128,-122.300677,Napa,CA,17,Tuesday
2,2022-05-17 18:15:22,Fair,40.739863,-74.067323,Jersey City,NJ,18,Tuesday
2,2021-04-16 09:58:09,Fog,30.332451,-98.000641,Austin,TX,9,Friday
2,2022-10-15 15:57:00,Cloudy,34.034583000000005,-118.345728,Los Angeles,CA,15,Saturday
2,2020-03-09 06:24:00,Cloudy,43.62437,-93.33105,Albert Lea,MN,6,Monday
2,2019-10-10 06:53:22,Fair,33.76727,-84.65799,Lithia Springs,GA,6,Thursday
2,2021-12-04 07:15:05,Fair,41.055222,-78.709763,Luthersburg,PA,7,Saturday
2,2021-08-20 08:55:41,Fair,30.732977,-86.374962,Defuniak Springs,FL,8,Friday
2,2017-04-12 14:30:35,Clear,34.07179,-118.09707,Rosemead,CA,14,Wednesday
3,2019-07-28 09:25:56,Fair,40.81197,-73.931648,Bronx,NY,9,Sunday
3,2019-09-24 08:33:37,Fair,37.818428,-122.352951,San Francisco,CA,8,Tuesday
2,2020-07-21 17:34:46,Fair,33.92725,-117.41996,Riverside,CA,17,Tuesday
2,2021-12-31 06:14:48,Fog,40.687359,-73.614761,Hempstead,NY,6,Friday
2,2019-02-06 07:21:42,Overcast,29.965851,-95.415253,Houston,TX,7,Wednesday
3,2021-03-31 16:43:13,Cloudy,41.87090300000001,-87.85204300000002,Maywood,IL,16,Wednesday
3,2021-07-31 05:17:25,Fair,47.77882,-122.317795,Mountlake Terrace,WA,5,Saturday
3,2021-02-18 16:14:31,Fair,34.134289,-117.955772,Baldwin Park,CA,16,Thursday
3,2018-07-24 15:08:16,Light Rain,38.801659,-77.111687,Alexandria,VA,15,Tuesday
2,2023-01-24 07:28:00,Mostly Cloudy,30.386626,-91.165965,Baton Rouge,LA,7,Tuesday
2,2022-02-11 08:21:15,Cloudy / Windy,45.40648341157242,-93.89886975243616,Becker,MN,8,Friday
2,2021-05-08 14:26:00,Fair,34.02473330481517,-117.7358114713777,Pomona,CA,14,Saturday
3,2017-08-30 15:41:57,Mostly Cloudy,38.740108,-77.18980400000002,Springfield,VA,15,Wednesday
2,2018-04-25 06:51:54,Overcast,37.248173,-121.831291,San Jose,CA,6,Wednesday
2,2019-08-27 09:03:00,Fair,38.668685,-121.372326,North Highlands,CA,9,Tuesday
2,2016-09-29 09:37:01,Clear,30.408619,-97.716049,Austin,TX,9,Thursday
2,2022-10-01 09:28:16,Light Rain,37.51999497,-77.26473212,Sandston,VA,9,Saturday
2,2020-04-22 11:59:41,Cloudy,32.77729,-96.803612,Dallas,TX,11,Wednesday
2,2022-04-14 19:30:23,Fair,33.900504999999995,-79.062128,Conway,SC,19,Thursday
2,2020-08-05 16:48:56,Mostly Cloudy,35.80350100000001,-78.694092,Raleigh,NC,16,Wednesday
2,2021-09-10 06:26:00,Fair,40.797342,-73.342141,Huntington Station,NY,6,Friday
3,2016-08-27 10:17:08,Clear,32.897572,-96.713932,Dallas,TX,10,Saturday
2,2022-12-20 18:13:45,Cloudy,34.72387,-81.032729,Richburg,SC,18,Tuesday
2,2020-09-17 22:51:59,Mostly Cloudy,36.207038,-86.791624,Nashville,TN,22,Thursday
2,2018-03-12 10:55:04,Haze,34.070978000000004,-118.264357,Los Angeles,CA,10,Monday
2,2016-11-29 09:27:42,Overcast,33.390999,-82.027069,Augusta,GA,9,Tuesday
3,2018-06-03 15:38:33,Overcast,40.785072,-73.648865,Roslyn Heights,NY,15,Sunday
2,2019-11-10 02:46:40,Fog,47.674782,-122.303818,Seattle,WA,2,Sunday
2,2022-12-09 16:00:08,Fair,34.030486,-117.59333,Ontario,CA,16,Friday
2,2020-11-01 23:09:21,Fair,25.543877,-80.42099,Homestead,FL,23,Sunday
2,2020-08-28 18:04:45,Partly Cloudy,45.065418,-93.201698,Saint Paul,MN,18,Friday
2,2022-12-17 17:16:00,Mostly Cloudy,38.902629,-77.014584,Washington,DC,17,Saturday
2,2022-09-17 18:01:00,Fair,25.955304,-80.247353,Miami Gardens,FL,18,Saturday
2,2021-07-13 07:32:30,Fair,38.902957,-94.36655,Lees Summit,MO,7,Tuesday
2,2022-01-12 18:12:00,Fair,33.052954,-112.053709,Maricopa,AZ,18,Wednesday
2,2018-08-26 13:14:29,Mostly Cloudy,45.05355,-122.97038,Salem,OR,13,Sunday
2,2019-03-11 11:45:11,Scattered Clouds,41.45468,-73.23905,Southbury,CT,11,Monday
2,2017-06-06 15:27:46,Clear,33.869392,-117.731697,Yorba Linda,CA,15,Tuesday
3,2018-07-25 07:20:46,Overcast,40.128719,-77.349976,Newville,PA,7,Wednesday
3,2019-11-23 14:18:48,Fair,37.754066,-121.463165,Tracy,CA,14,Saturday
2,2020-10-27 15:50:27,Cloudy,33.585625,-86.805298,Birmingham,AL,15,Tuesday
4,2023-01-20 00:36:42,Fog,38.348719,-77.056185,King George,VA,0,Friday
2,2022-09-07 15:12:30,Fair,38.1872,-122.175597,American Canyon,CA,15,Wednesday
3,2017-08-31 17:52:29,Partly Cloudy,43.012051,-83.497597,Davison,MI,17,Thursday
2,2022-12-15 06:04:00,Fair,34.0534,-117.781337,Pomona,CA,6,Thursday
2,2021-02-15 18:15:00,Cloudy,38.871308,-76.98400500000002,Washington,DC,18,Monday
2,2021-05-03 20:54:00,Fair,28.613126,-82.40502,Brooksville,FL,20,Monday
2,2023-03-21 07:06:00,Rain,38.2986,-122.033823,Fairfield,CA,7,Tuesday
2,2021-03-10 11:03:00,Fair,38.759248,-77.183099,Springfield,VA,11,Wednesday
2,2019-05-02 04:27:28,Partly Cloudy,32.734759999999994,-96.713753,Dallas,TX,4,Thursday
2,2016-08-10 16:32:38,Clear,33.884903,-117.633461,Corona,CA,16,Wednesday
3,2022-03-03 06:15:16,Partly Cloudy,41.195374,-73.12814300000002,Stratford,CT,6,Thursday
2,2022-01-01 01:32:02,Cloudy,40.67427100000001,-74.000203,Brooklyn,NY,1,Saturday
2,2022-12-22 13:25:00,Fair,34.023140000000005,-117.749779,Pomona,CA,13,Thursday
2,2021-11-11 18:30:45,Fog,34.903209999999994,-82.3256,Taylors,SC,18,Thursday
2,2016-12-02 08:35:06,Blowing Dust / Windy,34.425117,-118.423637,Canyon Country,CA,8,Friday
3,2018-03-20 17:50:17,Overcast,38.592022,-121.551941,West Sacramento,CA,17,Tuesday
3,2019-02-22 15:38:16,Clear,41.68794000000001,-88.06267,Bolingbrook,IL,15,Friday
2,2022-05-13 16:40:38,Fair,25.86818,-80.23726500000002,Miami,FL,16,Friday
2,2022-01-24 15:10:09,Fair,26.707565,-80.136292,West Palm Beach,FL,15,Monday
2,2022-01-02 08:47:34,Fog,41.76329255084151,-72.66716837848345,Hartford,CT,8,Sunday
2,2017-07-08 12:10:48,Clear,47.51344,-122.19838,Renton,WA,12,Saturday
3,2017-10-30 15:30:22,Partly Cloudy,37.844074,-122.297653,Emeryville,CA,15,Monday
3,2017-07-09 18:50:28,Mostly Cloudy,32.795277,-96.793114,Dallas,TX,18,Sunday
3,2020-05-16 08:04:45,Fog,40.03765900000001,-85.72221400000002,Anderson,IN,8,Saturday
2,2022-04-21 07:11:00,Cloudy,37.964632,-121.243072,Stockton,CA,7,Thursday
2,2019-10-03 12:06:00,Fair,37.740052,-122.143835,Oakland,CA,12,Thursday
3,2017-02-14 18:18:49,Overcast,30.233734,-97.741081,Austin,TX,18,Tuesday
2,2021-05-10 12:12:00,Fair,37.975562,-121.291084,Stockton,CA,12,Monday
2,2020-12-07 21:45:00,Haze,35.43745399999999,-119.079494,Bakersfield,CA,21,Monday
2,2020-11-22 00:23:00,Cloudy,28.62609,-81.758719,Clermont,FL,0,Sunday
2,2017-08-28 16:54:05,Clear,33.771233,-84.377762,Atlanta,GA,16,Monday
2,2018-08-12 07:22:09,Light Rain,32.766205,-96.856689,Dallas,TX,7,Sunday
2,2021-02-16 09:39:54,Cloudy,36.01881623250952,-83.92270445783652,Knoxville,TN,9,Tuesday
2,2022-04-12 14:56:52,Partly Cloudy,25.932655,-80.18844200000002,Miami,FL,14,Tuesday
2,2017-08-22 08:09:05,Scattered Clouds,38.85154,-77.432899,Centreville,VA,8,Tuesday
2,2020-10-21 13:52:30,Partly Cloudy,35.79604000000001,-78.651401,Raleigh,NC,13,Wednesday
2,2022-10-12 15:47:49,Cloudy,44.952014,-93.177003,Saint Paul,MN,15,Wednesday
2,2017-10-02 12:31:56,Mostly Cloudy,44.061077,-123.025383,Springfield,OR,12,Monday
2,2017-06-02 19:35:12,Partly Cloudy,41.860157,-88.012436,Lombard,IL,19,Friday
3,2017-04-04 06:55:55,Partly Cloudy,33.978237,-84.53609499999997,Marietta,GA,6,Tuesday
2,2020-10-27 16:30:32,Fair,25.726855,-80.455683,Miami,FL,16,Tuesday
2,2022-11-15 16:39:57,Rain,38.988371,-77.431276,Sterling,VA,16,Tuesday
2,2018-07-05 05:06:22,Clear,33.895016,-98.494324,Wichita Falls,TX,5,Thursday
2,2020-11-06 13:27:30,Partly Cloudy,25.883515,-80.214325,Miami,FL,13,Friday
2,2019-01-03 18:48:00,Clear,41.05751,-81.50525999999998,Akron,OH,18,Thursday
2,2017-04-17 15:15:37,Overcast,37.10527800000001,-121.974731,Los Gatos,CA,15,Monday
2,2022-12-02 11:44:30,Fair,45.886388,-111.864671,Cardwell,MT,11,Friday
2,2023-01-19 15:31:06,N/A Precipitation,40.152306,-75.398484,Norristown,PA,15,Thursday
2,2020-12-07 21:11:00,Fair,30.309597,-97.709236,Austin,TX,21,Monday
2,2022-07-24 09:27:00,Mostly Cloudy,40.78740300000001,-73.79221700000002,Bayside,NY,9,Sunday
3,2022-04-05 16:18:15,Partly Cloudy,28.282993,-81.59315500000002,Kissimmee,FL,16,Tuesday
4,2022-04-30 06:40:00,Light Rain,45.585341,-122.770868,Portland,OR,6,Saturday
2,2019-04-29 13:52:52,Mostly Cloudy,35.73090399999999,-78.640724,Raleigh,NC,13,Monday
1,2020-04-23 18:13:04,Light Rain,37.52396,-77.60707,Midlothian,VA,18,Thursday
2,2019-12-11 16:24:00,Fog,38.49615,-122.756384,Santa Rosa,CA,16,Wednesday
2,2022-04-19 15:15:00,Fair,38.71797700000001,-121.392429,Antelope,CA,15,Tuesday
2,2021-12-02 06:01:00,Light Rain,41.66967272738615,-72.78173088992699,New Britain,CT,6,Thursday
3,2017-08-01 09:05:49,Mostly Cloudy,35.004337,-85.22150400000002,Chattanooga,TN,9,Tuesday
2,2020-12-02 04:04:06,Fair,26.229761,-80.18111400000002,Pompano Beach,FL,4,Wednesday
2,2022-11-20 18:24:00,Fair,36.851271,-120.092133,Madera,CA,18,Sunday
2,2018-01-12 08:43:30,Light Rain,43.131962,-77.633888,Rochester,NY,8,Friday
2,2020-08-04 17:57:47,Fair,29.65943900000001,-95.533638,Houston,TX,17,Tuesday
2,2020-04-30 17:08:28,Cloudy,39.79796,-84.25511999999998,Dayton,OH,17,Thursday
2,2022-02-18 18:17:00,Cloudy,29.062177,-82.037288,Belleview,FL,18,Friday
2,2021-09-28 20:09:00,Fair,25.692575,-80.303989,Miami,FL,20,Tuesday
2,2020-12-24 04:08:00,Fair,33.794835,-117.230247,Perris,CA,4,Thursday
2,2023-02-09 16:22:00,Fair,33.743765,-118.00354,Westminster,CA,16,Thursday
2,2019-07-01 17:40:42,Mostly Cloudy,42.863014,-83.738091,Fenton,MI,17,Monday
3,2019-05-08 07:35:19,Mostly Cloudy,47.723141,-122.32573700000002,Seattle,WA,7,Wednesday
2,2016-12-21 07:17:05,Partly Cloudy,35.26126,-80.837,Charlotte,NC,7,Wednesday
2,2017-01-04 15:43:59,Clear,27.845004,-82.78716999999997,Seminole,FL,15,Wednesday
2,2021-09-16 11:30:30,Mostly Cloudy,38.884864,-77.225071,Dunn Loring,VA,11,Thursday
3,2016-06-24 08:19:13,Clear,41.044811,-73.790459,White Plains,NY,8,Friday
2,2022-09-29 02:45:00,Fair,34.11959767,-117.75231242,La Verne,CA,2,Thursday
2,2018-09-04 07:10:55,Mostly Cloudy,30.04465,-95.43013,Spring,TX,7,Tuesday
2,2022-03-18 08:03:00,Fair,30.267725,-81.615367,Jacksonville,FL,8,Friday
2,2022-05-11 17:38:34,Fair,36.266905,-86.75663399999998,Nashville,TN,17,Wednesday
2,2019-07-25 16:14:33,Fair,31.67663,-106.311508,El Paso,TX,16,Thursday
2,2021-06-16 17:26:36,Fair,33.27622532828677,-79.89829659423874,Bonneau,SC,17,Wednesday
2,2020-12-28 15:39:00,Light Rain,34.295829,-117.455402,San Bernardino,CA,15,Monday
2,2021-04-11 09:56:09,Fair,34.990842,-85.347213,Lookout Mountain,TN,9,Sunday
2,2018-06-14 12:04:18,Partly Cloudy,40.74107,-73.84342,Corona,NY,12,Thursday
2,2017-06-14 14:55:20,Clear,38.510448,-121.460121,Sacramento,CA,14,Wednesday
2,2022-08-05 11:38:00,Mostly Cloudy,43.032995,-83.675202,Flint,MI,11,Friday
2,2020-06-24 15:40:00,Fair,37.80559,-121.107329,Ripon,CA,15,Wednesday
3,2017-09-01 17:38:35,Mostly Cloudy,33.876289,-118.102577,Cerritos,CA,17,Friday
2,2019-04-11 12:22:23,Fair,34.081661,-81.86496,Chappells,SC,12,Thursday
2,2022-10-12 14:14:33,Fair,45.094265,-122.93868,Gervais,OR,14,Wednesday
2,2016-10-10 11:46:20,Clear,33.872803000000005,-118.202995,Long Beach,CA,11,Monday
2,2017-12-24 11:48:30,Overcast,29.065954,-81.997215,Belleview,FL,11,Sunday
2,2019-09-10 06:52:21,Mostly Cloudy,32.666378,-97.320549,Fort Worth,TX,6,Tuesday
2,2019-11-06 06:15:35,Thunder in the Vicinity,33.66811,-112.185349,Glendale,AZ,6,Wednesday
3,2018-09-26 19:04:19,Rain,34.688313,-82.217949,Fountain Inn,SC,19,Wednesday
2,2017-08-09 14:19:29,Clear,35.348244,-118.874367,Bakersfield,CA,14,Wednesday
2,2022-04-20 08:47:58,Light Rain,39.104019,-94.571877,Kansas City,MO,8,Wednesday
2,2018-12-06 04:52:02,Light Rain,33.825520000000004,-118.21563,Long Beach,CA,4,Thursday
2,2020-11-17 16:08:42,Partly Cloudy,39.840919,-84.260361,Dayton,OH,16,Tuesday
2,2022-07-18 10:38:00,Cloudy,47.050609,-123.231094,McCleary,WA,10,Monday
2,2018-06-07 12:24:47,Clear,33.931732000000004,-118.044182,Whittier,CA,12,Thursday
3,2019-05-15 08:49:27,Fair,41.59562,-93.61973,Des Moines,IA,8,Wednesday
2,2020-06-10 06:09:50,Fair,28.716776,-81.589546,Apopka,FL,6,Wednesday
2,2020-06-05 00:54:00,Cloudy,33.939189,-117.152421,Moreno Valley,CA,0,Friday
3,2020-01-17 17:23:33,Light Snow,41.507668,-87.319801,Merrillville,IN,17,Friday
3,2016-10-04 06:39:38,Overcast,41.710831,-88.018118,Woodridge,IL,6,Tuesday
2,2022-11-16 20:57:17,Fair,33.853561,-82.23011,Plum Branch,SC,20,Wednesday
2,2016-04-07 11:58:08,Mostly Cloudy,38.43121,-122.71048,Santa Rosa,CA,11,Thursday
2,2022-10-12 04:38:00,Fair,34.058334,-111.362849,Payson,AZ,4,Wednesday
2,2021-10-17 10:33:00,Mostly Cloudy,28.482985,-81.45604399999998,Orlando,FL,10,Sunday
2,2020-01-13 05:15:08,Fair,34.73506500000001,-86.622162,Huntsville,AL,5,Monday
2,2016-07-18 15:50:59,Clear,38.57521,-121.534076,West Sacramento,CA,15,Monday
2,2020-04-15 19:01:24,Fair,30.347771,-97.712685,Austin,TX,19,Wednesday
3,2017-06-01 13:45:45,Partly Cloudy,39.773193,-84.187454,Dayton,OH,13,Thursday
4,2022-11-10 17:56:00,Fair,41.762769,-76.434488,Towanda,PA,17,Thursday
4,2019-04-18 08:53:21,Fair,30.24068,-82.25601999999998,Glen Saint Mary,FL,8,Thursday
2,2021-02-19 23:23:00,Fair,26.942745,-82.019465,Punta Gorda,FL,23,Friday
2,2017-12-19 13:18:36,Overcast,36.063583,-95.86854,Tulsa,OK,13,Tuesday
2,2022-11-17 11:10:17,Mostly Cloudy,41.594636,-87.68139000000002,Markham,IL,11,Thursday
2,2016-07-05 16:02:45,Scattered Clouds,41.72457,-73.09805,Northfield,CT,16,Tuesday
2,2020-11-27 00:44:00,Cloudy,32.456459,-93.779709,Shreveport,LA,0,Friday
2,2019-08-28 08:25:48,Fair,41.538761,-81.635689,Cleveland,OH,8,Wednesday
2,2019-07-09 20:35:38,Fair,41.336639,-73.092171,Derby,CT,20,Tuesday
2,2020-10-26 13:12:30,Cloudy,34.084545,-118.300254,Los Angeles,CA,13,Monday
2,2020-05-18 13:09:49,Cloudy,35.22421,-80.89108,Charlotte,NC,13,Monday
2,2021-08-19 09:35:00,Fair,28.038290000000003,-82.349319,Tampa,FL,9,Thursday
2,2017-11-28 09:26:23,Clear,39.770161,-86.083084,Indianapolis,IN,9,Tuesday
2,2020-05-22 10:39:59,Rain,39.245331,-94.505249,Kansas City,MO,10,Friday
2,2022-10-10 00:07:34,Cloudy,32.703271,-117.12736,San Diego,CA,0,Monday
2,2019-02-25 06:54:56,Overcast,39.117657,-119.844299,Carson City,NV,6,Monday
2,2017-09-06 21:15:55,Partly Cloudy,33.95698,-84.51651,Marietta,GA,21,Wednesday
3,2018-04-04 16:54:00,Scattered Clouds,44.96582,-93.279076,Minneapolis,MN,16,Wednesday
2,2019-12-16 08:32:32,Light Drizzle,36.015152,-86.620277,Antioch,TN,8,Monday
2,2022-02-23 10:34:36,Mostly Cloudy,40.656879,-73.657394,Lynbrook,NY,10,Wednesday
2,2020-10-31 04:16:20,Fair,40.865944,-74.008484,Teaneck,NJ,4,Saturday
2,2019-12-08 19:46:21,Cloudy,44.06459,-121.30252,Bend,OR,19,Sunday
2,2021-11-01 16:51:00,Haze,34.100266,-117.62854,Rancho Cucamonga,CA,16,Monday
2,2019-04-03 08:16:00,Fair,28.52701,-81.31043199999998,Orlando,FL,8,Wednesday
2,2020-01-22 14:23:29,Cloudy,44.839443,-93.398827,Minneapolis,MN,14,Wednesday
2,2017-07-20 13:34:25,Mostly Cloudy,28.22658,-82.457607,Land O Lakes,FL,13,Thursday
3,2018-06-19 13:58:11,Clear,40.646641,-74.57551600000002,Basking Ridge,NJ,13,Tuesday
2,2018-10-11 17:17:25,Scattered Clouds,34.806553,-82.23246800000003,Simpsonville,SC,17,Thursday
2,2021-01-19 14:30:00,Mostly Cloudy,34.880187,-82.363881,Greenville,SC,14,Tuesday
2,2021-12-12 15:28:00,Light Rain,39.3117749689135,-120.48868060054544,Norden,CA,15,Sunday
2,2020-11-25 04:41:00,Fair,33.367803,-117.54764,San Clemente,CA,4,Wednesday
2,2017-10-11 12:10:47,Light Rain,43.124844,-77.61425799999998,Rochester,NY,12,Wednesday
3,2018-12-14 11:05:06,Clear,26.260193,-80.133224,Pompano Beach,FL,11,Friday
2,2021-02-15 08:24:00,Cloudy,40.298775,-76.82675,Harrisburg,PA,8,Monday
2,2021-09-13 16:02:00,Fair,28.574376,-81.45206400000002,Orlando,FL,16,Monday
2,2018-02-22 17:04:17,Rain,39.87241,-75.037514,Lawnside,NJ,17,Thursday
2,2018-01-12 07:49:30,Mostly Cloudy,35.81972899999999,-78.624016,Raleigh,NC,7,Friday
2,2022-02-09 15:34:02,Fair,26.522924,-81.87016700000002,Fort Myers,FL,15,Wednesday
2,2020-12-30 20:14:29,Light Rain,32.710693,-96.927342,Dallas,TX,20,Wednesday
2,2018-01-08 07:57:28,Mostly Cloudy,33.771233,-84.377762,Atlanta,GA,7,Monday
2,2022-04-01 06:22:16,Fair,33.37763,-81.827894,Aiken,SC,6,Friday
2,2019-08-27 14:54:26,Fair,38.237034,-122.619934,Petaluma,CA,14,Tuesday
2,2021-12-30 17:12:00,Fair,32.691854,-97.241042,Fort Worth,TX,17,Thursday
2,2021-11-18 16:28:51,Fair,30.521477,-87.313462,Pensacola,FL,16,Thursday
2,2018-11-21 20:06:40,Light Rain,39.022934,-122.453598,Clearlake,CA,20,Wednesday
2,2020-06-02 17:25:50,Fair,47.70065,-117.3924,Spokane,WA,17,Tuesday
2,2020-11-05 14:47:00,Mostly Cloudy,36.844788,-76.17043199999998,Virginia Beach,VA,14,Thursday
2,2017-12-21 06:45:33,Clear,32.675987,-96.76384,Dallas,TX,6,Thursday
2,2020-08-18 11:35:10,Fair,42.015511,-70.811142,Halifax,MA,11,Tuesday
2,2022-11-09 11:25:00,Partly Cloudy,45.649847,-110.860935,Bozeman,MT,11,Wednesday
2,2022-09-21 08:28:00,Fair,33.890684,-118.360847,Lawndale,CA,8,Wednesday
2,2021-09-24 07:49:35,Mostly Cloudy,37.581341,-77.44274899999998,Richmond,VA,7,Friday
2,2019-12-26 12:09:24,Rain,25.785728,-80.213951,Miami,FL,12,Thursday
2,2021-04-22 22:21:00,Fair,38.224997,-81.52928100000003,Belle,WV,22,Thursday
2,2021-09-15 19:06:30,Smoke,42.426121,-123.164976,Gold Hill,OR,19,Wednesday
2,2022-12-18 19:45:32,Fair,38.847656,-77.007189,Washington,DC,19,Sunday
3,2016-08-24 10:34:11,Overcast,33.486233,-84.21820799999998,McDonough,GA,10,Wednesday
2,2022-03-09 17:20:36,Partly Cloudy,25.80992,-80.334695,Miami,FL,17,Wednesday
2,2022-08-08 07:39:00,Fair,34.167996,-118.61413799999998,Woodland Hills,CA,7,Monday
2,2021-07-02 15:06:19,Fair,34.144403000000004,-118.254939,Glendale,CA,15,Friday
2,2021-12-26 21:09:53,Snow,45.524355,-94.300385,Saint Cloud,MN,21,Sunday
2,2020-06-05 05:21:11,Fair,45.60335900000001,-122.74884,Portland,OR,5,Friday
2,2018-07-26 07:29:03,Overcast,37.403873,-122.022919,Sunnyvale,CA,7,Thursday
3,2021-11-30 10:33:20,Haze,33.808815,-118.156349,Long Beach,CA,10,Tuesday
3,2017-11-22 16:18:07,Overcast,42.93787800000001,-73.804817,Ballston Lake,NY,16,Wednesday
2,2023-02-22 15:58:51,Light Snow,44.777002,-93.277846,Burnsville,MN,15,Wednesday
2,2020-12-03 23:04:22,Fair,39.801546,-75.737227,Avondale,PA,23,Thursday
2,2019-05-29 22:11:41,Fair,35.220249,-80.828728,Charlotte,NC,22,Wednesday
2,2021-10-08 21:44:15,Mostly Cloudy,41.818975209990406,-73.37121605838121,Cornwall Bridge,CT,21,Friday
3,2019-04-03 12:00:37,Cloudy,39.723457,-105.011526,Denver,CO,12,Wednesday
2,2022-12-27 03:24:30,Cloudy,39.959788,-83.341443,West Jefferson,OH,3,Tuesday
2,2022-10-06 14:46:27,Partly Cloudy,33.941185,-117.23862,Moreno Valley,CA,14,Thursday
3,2019-03-06 08:38:15,Scattered Clouds,39.056271,-77.15463299999998,Potomac,MD,8,Wednesday
2,2022-12-01 15:33:10,Mostly Cloudy,33.48078132,-86.92085624,Fairfield,AL,15,Thursday
2,2022-12-21 12:53:01,Cloudy,39.471454,-94.787445,Platte City,MO,12,Wednesday
2,2017-01-26 11:38:49,Mostly Cloudy,28.811258,-81.33766899999998,Sanford,FL,11,Thursday
2,2020-05-11 12:48:57,Mostly Cloudy / Windy,40.01101,-75.69588,Downingtown,PA,12,Monday
2,2019-07-10 09:34:44,Fair,41.145672,-73.823334,Briarcliff Manor,NY,9,Wednesday
4,2019-06-19 23:33:54,Light Rain,41.83483,-87.63033,Chicago,IL,23,Wednesday
2,2022-05-03 17:16:31,Mostly Cloudy,28.37495,-81.42591,Orlando,FL,17,Tuesday
2,2018-09-24 08:30:40,Partly Cloudy,41.98489,-88.080261,Roselle,IL,8,Monday
2,2016-08-15 11:54:02,Scattered Clouds,29.79322800000001,-95.522171,Houston,TX,11,Monday
2,2016-10-03 08:39:49,Clear,34.16772,-118.84058,Westlake Village,CA,8,Monday
2,2022-03-09 08:41:55,Cloudy,39.916519,-83.01474,Columbus,OH,8,Wednesday
2,2020-09-15 17:27:48,Fair,45.766541,-92.970299,Pine City,MN,17,Tuesday
2,2020-10-29 04:54:09,Heavy Rain,35.068729,-85.25296,Chattanooga,TN,4,Thursday
2,2021-03-11 03:15:07,Cloudy,39.896774,-86.057334,Indianapolis,IN,3,Thursday
2,2017-08-24 07:08:39,Overcast,30.42778,-97.701454,Austin,TX,7,Thursday
2,2022-12-06 17:49:30,Cloudy,47.600589,-122.32344,Seattle,WA,17,Tuesday
3,2016-08-15 11:22:58,Clear,40.589218,-75.589272,Allentown,PA,11,Monday
2,2018-05-31 12:47:46,Scattered Clouds,30.218456,-97.690948,Austin,TX,12,Thursday
2,2023-01-14 12:14:30,Fair,25.734307,-80.318481,Miami,FL,12,Saturday
2,2021-01-19 23:39:55,Fair,37.20900200000001,-93.294257,Springfield,MO,23,Tuesday
2,2020-10-21 09:29:00,Fair,37.78727,-79.363433,Buena Vista,VA,9,Wednesday
3,2022-02-28 15:02:41,Fair,41.66835,-71.48738900000002,East Greenwich,RI,15,Monday
2,2016-08-07 12:17:26,Clear,37.89603,-122.070671,Walnut Creek,CA,12,Sunday
3,2019-06-15 19:03:15,Mostly Cloudy,40.771282,-73.833282,Flushing,NY,19,Saturday
2,2021-03-03 08:45:37,Partly Cloudy,25.98085,-80.165627,Hallandale,FL,8,Wednesday
2,2021-09-27 04:50:30,Cloudy,33.916749,-117.438709,Riverside,CA,4,Monday
2,2017-01-19 07:36:04,Clear,28.613740000000004,-81.47619,Orlando,FL,7,Thursday
2,2021-10-13 17:50:09,Mostly Cloudy,33.800149,-79.005299,Conway,SC,17,Wednesday
2,2018-06-08 16:54:44,Clear,38.063931,-84.478302,Lexington,KY,16,Friday
2,2019-11-26 13:48:11,Cloudy,29.69009,-95.153168,Pasadena,TX,13,Tuesday
2,2016-11-03 19:53:20,Mostly Cloudy,39.993874,-75.284767,Wynnewood,PA,19,Thursday
3,2017-03-19 09:44:46,Clear,34.178875,-118.31086,Burbank,CA,9,Sunday
3,2018-07-19 15:22:28,Clear,46.970936,-120.410919,Ellensburg,WA,15,Thursday
2,2019-03-21 09:27:20,Clear,29.55571,-95.15052,Webster,TX,9,Thursday
2,2022-08-10 08:08:30,Fair,33.222175,-117.142821,Escondido,CA,8,Wednesday
2,2022-03-08 21:47:00,Cloudy,33.797727,-84.393047,Atlanta,GA,21,Tuesday
2,2016-07-06 16:49:42,Clear,33.959763,-117.857193,Rowland Heights,CA,16,Wednesday
2,2022-04-22 13:44:03,Mostly Cloudy,25.762992,-80.307345,Miami,FL,13,Friday
4,2022-07-29 17:36:49,Fair,43.457792,-76.115719,Parish,NY,17,Friday
2,2019-03-12 07:22:03,Mostly Cloudy,39.658009,-104.844276,Aurora,CO,7,Tuesday
2,2022-09-06 19:24:28,Fair,35.0648725,-80.97130895,Fort Mill,SC,19,Tuesday
3,2018-03-15 06:30:46,Clear,45.04479600000001,-93.1063,Saint Paul,MN,6,Thursday
1,2022-09-08 14:46:04,Partly Cloudy,34.81498,-83.12853199999998,Mountain Rest,SC,14,Thursday
2,2022-01-12 22:41:30,Cloudy,40.005775,-76.617126,York,PA,22,Wednesday
3,2020-04-24 21:43:54,Fair,43.024406,-88.10676600000002,Brookfield,WI,21,Friday
2,2022-08-27 17:49:00,Mostly Cloudy,30.260818,-82.152565,Macclenny,FL,17,Saturday
2,2018-11-21 06:46:12,Partly Cloudy,33.462143,-112.030067,Phoenix,AZ,6,Wednesday
2,2020-01-23 08:04:44,Light Rain,32.55418,-93.780807,Shreveport,LA,8,Thursday
2,2017-11-02 14:09:52,Scattered Clouds,35.47176,-97.502525,Oklahoma City,OK,14,Thursday
2,2022-04-28 05:42:30,Cloudy,33.943628000000004,-118.279723,Los Angeles,CA,5,Thursday
4,2021-06-27 21:38:50,Partly Cloudy,39.641987085153374,-74.93977189028291,Williamstown,NJ,21,Sunday
2,2022-07-20 00:15:00,Fair,33.943999,-118.034533,Whittier,CA,0,Wednesday
3,2016-10-05 21:27:52,Partly Cloudy,39.369827,-76.51371800000003,Nottingham,MD,21,Wednesday
2,2018-11-16 15:34:22,Clear,33.830963,-79.058205,Conway,SC,15,Friday
2,2020-12-09 15:16:30,Mostly Cloudy,38.79096,-77.06049399999998,Alexandria,VA,15,Wednesday
2,2017-09-06 17:17:51,Overcast,40.241138,-75.302406,Lansdale,PA,17,Wednesday
3,2016-07-21 16:28:57,Mostly Cloudy,41.9689,-87.6675,Chicago,IL,16,Thursday
2,2021-11-15 14:39:22,Partly Cloudy,38.457313,-78.04657900000002,Culpeper,VA,14,Monday
2,2017-01-05 09:11:15,Overcast,29.628542,-95.462883,Houston,TX,9,Thursday
2,2020-09-18 09:35:00,Fair,33.60663,-114.538339,Blythe,CA,9,Friday
2,2021-10-21 16:14:33,Partly Cloudy,35.905238,-78.68139000000002,Raleigh,NC,16,Thursday
3,2021-09-14 15:07:56,Partly Cloudy,35.557827,-82.61084699999998,Asheville,NC,15,Tuesday
4,2019-03-18 23:41:26,Clear,32.8295,-97.37942,Fort Worth,TX,23,Monday
2,2019-05-17 15:51:53,Partly Cloudy,33.93032,-118.37803,Los Angeles,CA,15,Friday
3,2020-05-11 11:25:36,Cloudy,40.77537,-73.92308,Astoria,NY,11,Monday
3,2018-03-14 19:29:45,Clear,30.262968,-97.735756,Austin,TX,19,Wednesday
2,2018-05-17 04:31:01,Overcast,38.97612,-76.309616,Stevensville,MD,4,Thursday
2,2020-01-10 08:55:00,Fog,38.481709,-121.371953,Sacramento,CA,8,Friday
3,2019-01-10 06:45:06,Overcast,30.332556,-97.704269,Austin,TX,6,Thursday
2,2022-08-01 16:13:59,Fair,45.637996,-120.923551,The Dalles,OR,16,Monday
2,2019-10-07 15:47:30,Fair,32.84147,-117.12921,San Diego,CA,15,Monday
2,2022-08-06 16:29:19,Fair,42.907307,-122.444622,Prospect,OR,16,Saturday
3,2017-06-23 06:35:29,Overcast,38.547081,-90.290398,Saint Louis,MO,6,Friday
2,2021-07-22 17:59:00,Mostly Cloudy,30.138415,-97.849216,Manchaca,TX,17,Thursday
2,2020-01-02 16:45:19,Cloudy,43.97781,-124.10127,Florence,OR,16,Thursday
2,2016-03-27 02:52:02,Partly Cloudy,33.896576,-118.258499,Compton,CA,2,Sunday
3,2017-07-05 16:53:33,Mostly Cloudy,28.498341,-81.375946,Orlando,FL,16,Wednesday
2,2022-08-16 18:43:00,Fair,36.196293,-119.135753,Lindsay,CA,18,Tuesday
2,2016-10-04 16:58:18,Partly Cloudy,41.873287,-88.11500500000002,Wheaton,IL,16,Tuesday
4,2022-06-06 03:10:00,Fair,41.699262,-80.114177,Saegertown,PA,3,Monday
2,2021-09-15 08:42:49,Cloudy,47.302334,-122.254036,Pacific,WA,8,Wednesday
2,2021-09-28 11:01:00,Fair,33.502176,-111.928444,Scottsdale,AZ,11,Tuesday
2,2021-10-08 07:51:57,Fair,29.679001,-95.350319,Houston,TX,7,Friday
2,2018-05-07 17:34:26,Clear,41.220936,-95.962555,Omaha,NE,17,Monday
2,2016-11-01 08:40:44,Mostly Cloudy,29.591797,-98.35202,San Antonio,TX,8,Tuesday
2,2017-01-26 17:01:05,Clear,30.264208,-97.756096,Austin,TX,17,Thursday
2,2017-07-14 13:45:31,Clear,34.010826,-117.962944,Hacienda Heights,CA,13,Friday
2,2021-01-04 20:02:30,Cloudy,25.897446,-80.235396,Opa Locka,FL,20,Monday
2,2019-10-07 06:03:00,Fair,38.574008,-121.383103,Sacramento,CA,6,Monday
2,2021-12-21 20:01:10,Cloudy,40.716001,-73.827203,Flushing,NY,20,Tuesday
2,2022-09-12 01:38:00,Cloudy,36.634117,-119.556604,Parlier,CA,1,Monday
2,2021-05-25 17:44:10,Cloudy,33.556535,-81.721399,Aiken,SC,17,Tuesday
3,2019-09-28 10:04:15,Fair,25.84856,-80.207298,Miami,FL,10,Saturday
3,2020-04-20 18:01:17,Fair,30.527490000000004,-97.69057,Round Rock,TX,18,Monday
2,2023-01-01 01:05:40,Cloudy,40.691647,-73.999302,Brooklyn,NY,1,Sunday
2,2017-08-16 18:02:59,Light Rain,42.466293,-88.062439,Antioch,IL,18,Wednesday
2,2021-03-26 06:25:00,Cloudy,42.22664952258001,-71.01230978931898,Braintree,MA,6,Friday
2,2021-02-16 12:15:58,Fair,31.32579,-85.83318299999998,Enterprise,AL,12,Tuesday
2,2022-09-02 16:46:03,Mostly Cloudy,29.777556,-95.278527,Houston,TX,16,Friday
2,2022-12-03 09:59:01,Fair,45.697115,-111.046298,Bozeman,MT,9,Saturday
2,2023-02-21 17:08:02,Mostly Cloudy,45.577433,-122.761594,Portland,OR,17,Tuesday
2,2019-10-21 06:37:47,Light Rain,30.20381,-92.099762,Lafayette,LA,6,Monday
2,2022-02-11 15:36:50,Cloudy,25.761489,-80.353933,Miami,FL,15,Friday
3,2018-03-09 16:31:06,Light Snow,42.94980200000001,-78.76303100000001,Buffalo,NY,16,Friday
3,2016-10-26 07:43:55,Overcast,42.487068,-83.47573100000002,Novi,MI,7,Wednesday
2,2018-10-05 15:18:10,Partly Cloudy,33.189915,-87.447243,Cottondale,AL,15,Friday
2,2018-02-27 22:55:19,Partly Cloudy,35.332081,-80.95433,Charlotte,NC,22,Tuesday
2,2019-07-08 19:33:53,Fair,36.678608,-119.785736,Fresno,CA,19,Monday
2,2021-12-01 15:42:00,Haze,33.989208000000005,-118.062964,Whittier,CA,15,Wednesday
2,2018-04-25 16:23:17,Overcast,34.510975,-81.96664399999997,Laurens,SC,16,Wednesday
2,2022-05-01 01:03:00,Fair,30.261315107201284,-82.10845828017182,Macclenny,FL,1,Sunday
3,2020-01-06 15:49:06,Fair,33.410839,-111.995667,Phoenix,AZ,15,Monday
2,2020-12-30 01:56:58,Cloudy,38.879102,-77.038933,Washington,DC,1,Wednesday
2,2022-12-05 01:03:02,Fair,40.028266,-76.231894,Lancaster,PA,1,Monday
2,2017-07-09 05:27:14,Clear,35.93708,-86.53509,Smyrna,TN,5,Sunday
2,2020-12-25 03:21:30,Light Rain,38.692718,-77.22640899999998,Lorton,VA,3,Friday
3,2021-12-23 13:57:18,Fair,40.008099,-75.068779,Philadelphia,PA,13,Thursday
2,2022-03-11 15:35:54,Mostly Cloudy,35.311049,-80.712284,Charlotte,NC,15,Friday
2,2022-08-06 12:00:06,Fair,34.11942601,-117.77029395,La Verne,CA,12,Saturday
4,2023-01-14 08:08:00,Heavy T-Storm,37.676683,-122.117226,San Lorenzo,CA,8,Saturday
2,2021-06-06 19:29:00,Fair,35.76334118826025,-118.42183470669544,Kernville,CA,19,Sunday
2,2022-12-20 06:37:50,Fair,45.15772462,-93.16583276,Circle Pines,MN,6,Tuesday
2,2022-09-28 06:51:30,Fair,45.03758311,-93.09186816,Saint Paul,MN,6,Wednesday
2,2021-12-09 18:58:00,Haze,28.355638,-80.755758,Cocoa,FL,18,Thursday
2,2021-06-21 18:53:00,Partly Cloudy,40.268318,-76.814797,Harrisburg,PA,18,Monday
2,2022-01-27 06:13:00,Light Snow,38.89214873295359,-89.83639597849924,Worden,IL,6,Thursday
2,2021-10-27 07:39:03,Cloudy,44.859032,-93.394028,Minneapolis,MN,7,Wednesday
4,2018-11-02 04:17:46,Clear,33.562721,-112.11614,Phoenix,AZ,4,Friday
2,2023-03-23 19:37:00,Mostly Cloudy,34.036089000000004,-118.321251,Los Angeles,CA,19,Thursday
2,2021-03-10 18:25:04,Cloudy / Windy,39.635101,-86.158401,Indianapolis,IN,18,Wednesday
2,2017-08-04 06:43:57,Mostly Cloudy,32.237167,-80.860626,Bluffton,SC,6,Friday
2,2017-07-19 08:35:12,Partly Cloudy,39.96689,-83.0248,Columbus,OH,8,Wednesday
2,2018-10-31 12:15:05,Mostly Cloudy,36.176949,-86.774849,Nashville,TN,12,Wednesday
2,2019-04-04 08:29:04,Cloudy,36.209061,-86.777939,Nashville,TN,8,Thursday
2,2022-09-28 09:13:30,Fair,44.966336,-93.27029,Minneapolis,MN,9,Wednesday
2,2022-07-05 00:34:00,Cloudy,38.681747,-121.202206,Orangevale,CA,0,Tuesday
3,2020-10-17 08:43:43,Fair,33.563747,-112.116531,Phoenix,AZ,8,Saturday
2,2022-03-04 13:19:00,Cloudy,33.988913000000004,-117.42493,Jurupa Valley,CA,13,Friday
3,2019-05-08 09:28:57,Mostly Cloudy,42.027233,-71.257568,Foxboro,MA,9,Wednesday
2,2021-12-14 17:09:30,Partly Cloudy,39.760316,-105.005868,Denver,CO,17,Tuesday
2,2020-02-16 19:55:58,Cloudy,42.701321,-73.814255,Albany,NY,19,Sunday
4,2017-05-09 17:19:13,Clear,39.01789,-123.130765,Hopland,CA,17,Tuesday
2,2016-07-01 08:50:44,Heavy Thunderstorms and Rain,39.718723,-84.21788000000002,Moraine,OH,8,Friday
2,2022-07-18 16:21:53,Thunder in the Vicinity,34.068721000000004,-80.92909399999998,Columbia,SC,16,Monday
3,2021-12-03 17:58:36,Fog,38.630081,-121.5196,Sacramento,CA,17,Friday
2,2023-01-24 13:16:21,Partly Cloudy,40.70841193,-74.16566491,Newark,NJ,13,Tuesday
3,2021-01-08 06:08:44,Cloudy,32.76511,-96.774895,Dallas,TX,6,Friday
3,2017-02-20 20:11:45,Mostly Cloudy,34.034240999999994,-118.348152,Los Angeles,CA,20,Monday
2,2022-04-29 05:43:00,Cloudy,33.42769503577505,-117.14872956220076,Fallbrook,CA,5,Friday
2,2017-04-01 17:31:40,Clear,33.880127,-117.582794,Corona,CA,17,Saturday
2,2022-05-24 02:02:16,Haze,34.433769,-118.38575,Canyon Country,CA,2,Tuesday
2,2018-10-05 08:50:49,Light Drizzle,45.030475,-123.955192,Otis,OR,8,Friday
2,2016-10-11 12:03:54,Clear,33.382843,-111.495209,Apache Junction,AZ,12,Tuesday
2,2018-12-17 08:19:02,Partly Cloudy,37.324676,-121.887499,San Jose,CA,8,Monday
2,2021-05-04 04:39:00,Fair,28.510195,-81.241672,Orlando,FL,4,Tuesday
2,2023-01-30 17:25:00,Fair,35.663296,-82.584114,Asheville,NC,17,Monday
3,2022-08-25 13:09:01,Heavy Rain,32.349903000000005,-86.321373,Montgomery,AL,13,Thursday
2,2018-08-22 21:36:16,Overcast,35.18952,-80.77253,Charlotte,NC,21,Wednesday
3,2017-09-12 21:55:26,Partly Cloudy,37.449547,-121.922134,Milpitas,CA,21,Tuesday
2,2020-10-02 07:07:41,Partly Cloudy,41.982948,-87.95944200000002,Bensenville,IL,7,Friday
2,2018-02-19 09:19:55,Overcast,29.124626,-82.101822,Ocala,FL,9,Monday
2,2021-01-16 02:00:00,Fair,37.728198,-121.538094,Tracy,CA,2,Saturday
2,2019-12-05 09:27:23,Fair,25.924845,-80.309464,Hialeah,FL,9,Thursday
2,2021-06-30 06:29:53,Fair,34.614132,-118.15316,Palmdale,CA,6,Wednesday
2,2018-04-03 10:45:40,Scattered Clouds,35.200542,-80.773376,Charlotte,NC,10,Tuesday
2,2021-12-21 16:29:08,Fair,36.140606,-86.72225999999998,Nashville,TN,16,Tuesday
2,2016-08-15 14:49:48,Scattered Clouds,33.919094,-84.35773499999998,Atlanta,GA,14,Monday
2,2016-07-18 09:23:19,Clear,34.01685,-117.98548999999998,Hacienda Heights,CA,9,Monday
2,2019-09-29 22:40:00,Cloudy,37.942595,-122.47827,San Quentin,CA,22,Sunday
2,2022-10-07 17:35:00,Fair,33.029384,-117.276982,Cardiff By the Sea,CA,17,Friday
2,2022-07-22 09:47:30,Partly Cloudy,26.157203,-80.16495,Fort Lauderdale,FL,9,Friday
3,2021-08-29 19:21:04,Light Rain,27.894018,-82.64609499999997,Clearwater,FL,19,Sunday
2,2022-05-22 14:24:03,Partly Cloudy,35.179979,-80.889923,Charlotte,NC,14,Sunday
2,2018-10-04 09:41:31,Clear,32.322937,-111.051567,Tucson,AZ,9,Thursday
2,2019-09-17 07:48:43,Partly Cloudy,40.063614,-75.239464,Philadelphia,PA,7,Tuesday
2,2022-05-11 17:55:12,Mostly Cloudy,25.869049,-80.337195,Hialeah,FL,17,Wednesday
2,2022-12-22 11:03:57,Cloudy,32.948513,-80.625579,Walterboro,SC,11,Thursday
2,2022-04-10 18:22:00,Fair,38.647933,-121.383507,North Highlands,CA,18,Sunday
2,2020-04-22 17:18:29,Light Rain,44.54487,-122.96912,Lebanon,OR,17,Wednesday
2,2018-03-21 06:47:49,Light Snow,40.003185,-76.74960300000002,York,PA,6,Wednesday
3,2017-11-20 20:13:44,Clear,42.996902,-83.705894,Flint,MI,20,Monday
2,2020-10-26 03:00:00,Mostly Cloudy,36.735825,-119.702417,Fresno,CA,3,Monday
2,2022-09-24 07:40:00,Fair,29.733477,-82.245134,Gainesville,FL,7,Saturday
2,2022-02-14 19:58:30,Mostly Cloudy,44.97340321519388,-93.28734755471572,Minneapolis,MN,19,Monday
3,2020-05-03 13:34:38,Fair,38.91455,-104.8181,Colorado Springs,CO,13,Sunday
2,2018-03-23 08:45:54,Scattered Clouds,39.724133,-104.986259,Denver,CO,8,Friday
2,2022-04-26 17:50:30,Partly Cloudy,34.067341,-117.558063,Ontario,CA,17,Tuesday
2,2017-03-15 03:21:25,Scattered Clouds,28.07279,-82.4548,Tampa,FL,3,Wednesday
2,2022-05-23 18:51:26,Mostly Cloudy,38.491567,-77.386522,Stafford,VA,18,Monday
3,2018-11-08 20:18:36,Heavy Thunderstorms and Rain,32.665394,-97.241341,Fort Worth,TX,20,Thursday
2,2022-03-11 17:40:11,Fair,25.869362,-80.20448499999998,Miami,FL,17,Friday
2,2017-09-18 07:37:14,Overcast,29.688896000000003,-95.58757,Houston,TX,7,Monday
2,2019-11-06 18:38:00,Fair,33.960152,-118.250423,Los Angeles,CA,18,Wednesday
3,2018-02-26 06:45:35,Shallow Fog,32.979012,-80.077011,Charleston,SC,6,Monday
2,2021-12-03 18:22:30,Cloudy,37.45212435704492,-122.12690949381768,Palo Alto,CA,18,Friday
2,2022-01-13 11:06:00,Cloudy,40.847092866702816,-73.93336415255578,New York,NY,11,Thursday
2,2018-04-19 07:24:53,Mostly Cloudy,33.948158,-117.301476,Riverside,CA,7,Thursday
2,2021-12-08 05:47:38,Cloudy,45.687301,-123.205867,Banks,OR,5,Wednesday
2,2022-01-26 13:51:30,Cloudy,44.969544,-93.300743,Minneapolis,MN,13,Wednesday
2,2022-10-13 21:31:59,Light Rain,40.129826,-76.559359,Mount Joy,PA,21,Thursday
2,2022-09-25 06:37:00,Fair,34.208803,-118.231165,Montrose,CA,6,Sunday
2,2018-08-17 16:24:44,Clear,31.048649,-89.202972,Brooklyn,MS,16,Friday
2,2022-02-01 14:47:30,Fair,34.256774,-118.434962,Pacoima,CA,14,Tuesday
2,2018-12-17 21:04:26,Light Rain,44.078609,-123.04755,Springfield,OR,21,Monday
2,2019-10-07 07:36:34,Cloudy,41.670162,-72.776009,New Britain,CT,7,Monday
2,2020-03-09 08:29:18,Fair,42.330231,-71.253754,Newton Lower Falls,MA,8,Monday
2,2022-08-29 08:11:46,Mostly Cloudy,35.848357,-78.598201,Raleigh,NC,8,Monday
1,2022-05-25 17:48:33,Cloudy,42.933632,-85.341858,Lowell,MI,17,Wednesday
3,2019-02-10 15:21:41,Light Rain,33.720420000000004,-117.72032,Irvine,CA,15,Sunday
2,2020-02-10 05:38:53,Cloudy,42.351688,-71.053299,Boston,MA,5,Monday
2,2017-04-24 06:11:45,Clear,41.993906,-73.73396899999999,Red Hook,NY,6,Monday
2,2020-05-06 08:17:02,Fair,32.133755,-110.772781,Tucson,AZ,8,Wednesday
2,2021-01-20 09:28:00,Fair,34.051190000000005,-117.778769,Pomona,CA,9,Wednesday
2,2021-08-23 08:34:00,Fair,35.88082194311199,-78.21904063187493,Zebulon,NC,8,Monday
2,2022-12-19 05:59:30,Mostly Cloudy,36.1009,-86.71187900000002,Nashville,TN,5,Monday
2,2022-09-30 13:43:30,Fair,45.546929,-122.678472,Portland,OR,13,Friday
4,2016-02-16 08:59:39,Light Freezing Drizzle,41.11987,-80.69004,Youngstown,OH,8,Tuesday
2,2020-02-24 16:47:22,Fair,33.506199,-112.282951,Phoenix,AZ,16,Monday
2,2021-03-04 08:00:38,Fair,37.158798,-76.463043,Yorktown,VA,8,Thursday
2,2021-11-07 18:48:36,Fair,39.696541,-104.829216,Aurora,CO,18,Sunday
2,2020-12-07 14:49:00,Fair / Windy,34.795679,-118.858214,Lebec,CA,14,Monday
2,2021-01-28 16:49:57,Fair,33.929461,-81.048749,West Columbia,SC,16,Thursday
2,2022-05-11 15:15:19,Fair,28.536374,-81.310456,Orlando,FL,15,Wednesday
2,2022-06-24 15:28:00,Fair,37.882007,-122.516552,Mill Valley,CA,15,Friday
2,2021-11-14 15:57:00,Fair,33.987687,-118.137506,Los Angeles,CA,15,Sunday
2,2021-02-09 00:33:56,Cloudy,34.958195,-82.250229,Greer,SC,0,Tuesday
2,2018-10-01 15:54:11,Clear,30.456619,-97.671928,Austin,TX,15,Monday
2,2021-01-11 04:40:41,Mostly Cloudy,42.09515800000001,-83.241875,Flat Rock,MI,4,Monday
2,2019-08-12 07:35:04,Mostly Cloudy,33.428101,-82.082489,Augusta,GA,7,Monday
2,2022-12-23 14:30:00,Fair,38.528465,-121.469389,Sacramento,CA,14,Friday
2,2017-06-14 09:26:55,Clear,42.006107,-88.195229,Bartlett,IL,9,Wednesday
2,2021-07-23 00:09:09,Fair,36.273076,-86.70272800000002,Madison,TN,0,Friday
2,2020-12-15 08:50:00,Mostly Cloudy,32.592323,-81.207763,Garnett,SC,8,Tuesday
2,2018-07-02 10:02:22,Haze,30.444859,-91.187546,Baton Rouge,LA,10,Monday
2,2018-05-18 07:11:24,Clear,25.93577,-80.35044,Hialeah,FL,7,Friday
3,2019-01-24 09:49:57,Overcast,33.03791,-80.148354,Summerville,SC,9,Thursday
2,2022-07-07 08:08:00,Cloudy,42.505507,-83.758166,Brighton,MI,8,Thursday
2,2022-07-15 22:46:30,Fair,34.08249736,-118.22573304,Los Angeles,CA,22,Friday
2,2019-09-10 07:35:11,Mostly Cloudy,40.770947,-73.279831,Bay Shore,NY,7,Tuesday
2,2022-12-14 05:11:00,Fair,37.912131,-121.182397,Stockton,CA,5,Wednesday
2,2021-02-21 20:49:00,Fair,36.20031,-121.142871,King City,CA,20,Sunday
2,2019-09-19 20:06:00,Fair,34.099435,-118.666996,Calabasas,CA,20,Thursday
2,2021-06-17 17:12:05,Partly Cloudy,36.037271,-86.78970799999998,Brentwood,TN,17,Thursday
2,2017-06-09 11:40:20,Clear,39.04742,-76.62155,Crownsville,MD,11,Friday
2,2021-11-13 05:34:00,Fair,37.949858,-120.418923,Jamestown,CA,5,Saturday
3,2016-08-29 10:40:44,Clear,34.001296999999994,-117.351891,Riverside,CA,10,Monday
2,2022-03-15 05:27:22,Fair,44.81352210023492,-93.39843392327592,Minneapolis,MN,5,Tuesday
2,2022-02-25 11:00:32,Partly Cloudy,34.770666360689304,-92.16180682138364,North Little Rock,AR,11,Friday
2,2019-05-29 07:56:33,Fair,45.07333,-93.31604,Minneapolis,MN,7,Wednesday
2,2021-04-06 04:43:00,Fair,40.127244,-75.297157,Plymouth Meeting,PA,4,Tuesday
2,2021-11-13 21:34:30,Mostly Cloudy,34.742378,-92.284945,Little Rock,AR,21,Saturday
2,2021-12-22 11:06:52,Fair,40.52705168704736,-74.27153706515182,Perth Amboy,NJ,11,Wednesday
2,2017-03-31 21:58:15,Clear,30.19565200000001,-97.785034,Austin,TX,21,Friday
2,2017-03-30 11:05:19,Overcast,39.080189,-77.499268,Leesburg,VA,11,Thursday
2,2021-10-20 20:35:00,Partly Cloudy,40.96938,-80.21552700000002,New Castle,PA,20,Wednesday
2,2021-04-07 07:21:42,Fair,32.705799,-114.633301,Yuma,AZ,7,Wednesday
2,2016-11-18 17:12:54,Clear,38.672972,-121.20249,Orangevale,CA,17,Friday
3,2017-12-16 18:41:13,Mostly Cloudy,30.20422,-81.755287,Jacksonville,FL,18,Saturday
3,2016-11-03 18:45:19,Partly Cloudy,38.716732,-90.297707,Saint Louis,MO,18,Thursday
2,2019-09-26 10:57:42,Cloudy,47.10494,-122.58617,Tacoma,WA,10,Thursday
2,2021-04-28 14:17:30,Fair,39.21237,-77.043986,Brookeville,MD,14,Wednesday
2,2020-05-28 11:17:18,Fair,28.5233,-82.23824,Brooksville,FL,11,Thursday
2,2019-05-28 08:05:00,Light Rain,40.72451,-111.94427,West Valley City,UT,8,Tuesday
2,2018-03-19 15:08:45,Clear,29.506832,-98.628647,San Antonio,TX,15,Monday
2,2021-11-17 06:31:30,Fair,36.01217600000001,-83.847656,Knoxville,TN,6,Wednesday
3,2016-12-15 17:56:02,Partly Cloudy,27.95625900000001,-82.498459,Tampa,FL,17,Thursday
2,2023-01-15 03:15:34,Fair,39.13096,-84.49490300000002,Cincinnati,OH,3,Sunday
2,2020-01-23 10:42:46,Fair,41.630829,-71.08850100000002,Westport,MA,10,Thursday
2,2016-11-28 06:31:21,Clear,39.371964,-76.561577,Parkville,MD,6,Monday
2,2021-05-19 11:37:00,Fair,38.283338,-122.71338,Petaluma,CA,11,Wednesday
3,2018-10-19 23:37:58,Clear,25.862013,-80.208099,Miami,FL,23,Friday
2,2022-05-23 17:01:42,Partly Cloudy,25.732097,-80.33571500000002,Miami,FL,17,Monday
2,2021-12-17 10:22:30,Partly Cloudy,25.899671,-80.181294,Miami,FL,10,Friday
4,2017-08-23 23:22:30,Clear,26.665178000000004,-81.88807800000002,North Fort Myers,FL,23,Wednesday
2,2022-09-10 07:08:00,Fair,27.978849,-81.631002,Lake Wales,FL,7,Saturday
2,2020-12-08 01:49:33,Fair,35.903968,-78.95994,Durham,NC,1,Tuesday
2,2022-12-20 15:21:00,Light Rain,28.822222,-81.657697,Mount Dora,FL,15,Tuesday
3,2017-11-11 18:46:39,Mostly Cloudy,35.83540700000001,-78.669601,Raleigh,NC,18,Saturday
2,2021-03-08 05:29:30,Fair,38.474344,-121.417148,Sacramento,CA,5,Monday
2,2019-03-17 12:33:23,Partly Cloudy,44.000631,-123.668928,Walton,OR,12,Sunday
2,2021-11-15 09:25:32,Fair,34.133993,-82.128152,Greenwood,SC,9,Monday
2,2022-07-07 05:33:00,Fair,37.750126,-121.138626,Ripon,CA,5,Thursday
2,2021-05-03 06:30:28,Fair,27.447389,-82.534132,Bradenton,FL,6,Monday
2,2020-09-21 12:07:00,Cloudy,26.966433,-82.255414,Port Charlotte,FL,12,Monday
4,2019-01-29 15:45:03,Overcast,41.652009,-88.2309,Plainfield,IL,15,Tuesday
2,2017-08-11 14:42:11,Clear,47.67935900000001,-122.263618,Seattle,WA,14,Friday
3,2017-05-08 10:01:15,Clear,33.912338,-84.37912800000002,Atlanta,GA,10,Monday
2,2022-06-01 13:12:31,Fair,34.072298,-118.055323,El Monte,CA,13,Wednesday
3,2021-12-02 08:01:59,Fair,28.162291,-82.39449300000003,Tampa,FL,8,Thursday
2,2022-10-13 06:22:00,Mostly Cloudy,40.867096,-73.02374,Selden,NY,6,Thursday
2,2019-10-10 22:17:22,Fair,30.427059000000003,-91.137039,Baton Rouge,LA,22,Thursday
3,2016-11-04 15:21:57,Clear,36.15523,-115.16125,Las Vegas,NV,15,Friday
2,2018-05-09 15:35:05,Scattered Clouds,35.25125999999999,-80.89443,Charlotte,NC,15,Wednesday
2,2021-05-09 10:25:29,Mostly Cloudy,30.446291,-97.66728,Pflugerville,TX,10,Sunday
2,2018-11-21 11:13:02,Clear,35.054199,-80.773972,Charlotte,NC,11,Wednesday
2,2019-07-01 18:19:03,Partly Cloudy,35.435249,-97.528351,Oklahoma City,OK,18,Monday
2,2019-06-11 18:40:39,Light Rain,30.466061,-97.843918,Cedar Park,TX,18,Tuesday
2,2019-08-07 04:12:37,Fair,42.985649,-85.70018,Grand Rapids,MI,4,Wednesday
3,2018-08-31 00:39:42,Overcast,39.23399000000001,-77.28668,Boyds,MD,0,Friday
3,2019-03-08 10:59:49,Light Rain,34.96796,-85.190857,Ringgold,GA,10,Friday
2,2022-04-30 21:39:00,Fair,41.53815865496856,-73.77092957461466,Hopewell Junction,NY,21,Saturday
2,2021-12-09 05:13:00,Cloudy,34.001795,-117.947449,Hacienda Heights,CA,5,Thursday
2,2022-07-02 22:58:00,Fair,36.29873,-119.636947,Hanford,CA,22,Saturday
3,2021-11-19 03:14:13,Fair,41.554264,-87.854584,Orland Park,IL,3,Friday
2,2021-03-02 05:34:00,Fair,38.879217,-77.250736,Vienna,VA,5,Tuesday
2,2021-08-11 12:59:00,Fair,35.045409,-118.874369,Arvin,CA,12,Wednesday
2,2017-09-08 16:50:49,Clear,30.403578000000003,-91.172287,Baton Rouge,LA,16,Friday
2,2022-01-16 20:46:50,Light Snow,38.029400110063406,-79.13369536362106,Staunton,VA,20,Sunday
3,2018-09-26 14:03:47,Overcast,41.832375,-71.51956899999998,Johnston,RI,14,Wednesday
2,2020-10-15 08:11:30,Patches of Fog,30.41992,-84.280632,Tallahassee,FL,8,Thursday
2,2021-08-16 12:33:55,Partly Cloudy,33.711007,-78.89879,Myrtle Beach,SC,12,Monday
2,2022-04-07 17:15:57,Mostly Cloudy,36.20607800000001,-86.771015,Nashville,TN,17,Thursday
3,2017-09-15 15:20:40,Haze,34.066486,-117.219254,Redlands,CA,15,Friday
2,2016-09-13 09:03:22,Partly Cloudy,29.740698,-95.288841,Houston,TX,9,Tuesday
2,2019-03-26 16:19:09,Clear,39.952469,-83.073761,Columbus,OH,16,Tuesday
2,2020-10-26 16:04:30,Cloudy,39.780735,-84.222992,Dayton,OH,16,Monday
2,2022-12-11 06:49:00,Light Rain,34.03109,-118.259205,Los Angeles,CA,6,Sunday
2,2020-12-23 15:46:12,Fair,45.422297,-122.747293,Portland,OR,15,Wednesday
3,2021-02-20 13:05:46,Mostly Cloudy,41.632915,-87.012283,Chesterton,IN,13,Saturday
2,2017-03-23 09:32:14,Clear,27.099453000000004,-82.384438,Venice,FL,9,Thursday
2,2022-02-16 10:37:47,Cloudy,33.599352,-81.588822,Aiken,SC,10,Wednesday
2,2021-02-05 11:50:39,Light Rain,35.74763,-78.60454399999998,Raleigh,NC,11,Friday
3,2017-03-28 15:22:25,Mostly Cloudy,38.676418,-77.236336,Lorton,VA,15,Tuesday
3,2018-12-07 10:14:20,Partly Cloudy,38.846706,-77.432129,Centreville,VA,10,Friday
2,2020-12-24 19:05:00,Fair,34.06742,-117.418241,Bloomington,CA,19,Thursday
2,2022-12-03 08:32:00,Light Rain,37.86494851,-122.30333447,Berkeley,CA,8,Saturday
2,2019-12-26 00:07:00,Light Rain,33.941,-117.270208,Moreno Valley,CA,0,Thursday
2,2023-01-28 15:56:00,Cloudy,28.750190000000003,-82.296986,Floral City,FL,15,Saturday
2,2021-06-21 00:54:05,Cloudy,40.665482,-74.20497900000002,Elizabeth,NJ,0,Monday
2,2019-08-07 17:07:30,Fair,44.977268,-93.344337,Minneapolis,MN,17,Wednesday
2,2022-04-27 19:09:00,Fair,38.690871,-121.331709,Sacramento,CA,19,Wednesday
2,2021-04-02 11:20:23,Fair,34.982401,-85.465561,Trenton,GA,11,Friday
2,2018-01-08 07:27:22,Overcast,29.72681,-95.50106,Houston,TX,7,Monday
3,2020-09-08 11:57:31,Light Rain,42.961639,-88.012413,Milwaukee,WI,11,Tuesday
2,2017-05-22 08:54:51,Clear,37.95923,-122.3308,San Pablo,CA,8,Monday
2,2022-08-07 14:25:23,Mostly Cloudy,42.40023,-83.104704,Highland Park,MI,14,Sunday
2,2018-09-27 11:10:30,Clear,45.54236,-122.499431,Portland,OR,11,Thursday
2,2017-11-01 06:05:30,Scattered Clouds,35.215607,-80.78072399999998,Charlotte,NC,6,Wednesday
